{
	"id": "1aeea3ee-68f7-42b0-bb2d-2e9d8ab96fda",
	"name": "[Sandbox] BRIAPI SNAP",
	"values": [
		{
			"key": "client_secret",
			"value": "",
			"enabled": true
		},
		{
			"key": "client_id",
			"value": "",
			"enabled": true
		},
		{
			"key": "token",
			"value": "",
			"enabled": true
		},
		{
			"key": "timestamp",
			"value": "",
			"enabled": true
		},
		{
			"key": "signature",
			"value": "",
			"enabled": true
		},
		{
			"key": "signature_payload",
			"value": "",
			"enabled": true
		},
		{
			"key": "timestamp-ext-id",
			"value": "",
			"enabled": true
		},
		{
			"key": "header-timestamp",
			"value": "",
			"enabled": true
		},
		{
			"key": "private_key",
			"value": "",
			"enabled": true
		},
		{
			"key": "signature_hex\n",
			"value": "",
			"enabled": true
		},
		{
			"key": "signature_hex",
			"value": "",
			"enabled": true
		},
		{
			"key": "signature_payload",
			"value": "",
			"type": "any",
			"enabled": true
		},
		{
			"key": "signature",
			"value": "",
			"type": "any",
			"enabled": true
		},
		{
			"key": "external-id",
			"value": "",
			"type": "any",
			"enabled": true
		}
	],
	"_postman_variable_scope": "environment",
	"_postman_exported_at": "2024-04-18T02:33:49.364Z",
	"_postman_exported_using": "Postman/10.24.22"
}