-- phpMyAdmin SQL Dump
-- version 5.0.4
-- https://www.phpmyadmin.net/
--
-- Host: 127.0.0.1
-- Waktu pembuatan: 28 Feb 2025 pada 09.54
-- Versi server: 10.4.17-MariaDB
-- Versi PHP: 7.2.34

SET SQL_MODE = "NO_AUTO_VALUE_ON_ZERO";
START TRANSACTION;
SET time_zone = "+00:00";


/*!40101 SET @OLD_CHARACTER_SET_CLIENT=@@CHARACTER_SET_CLIENT */;
/*!40101 SET @OLD_CHARACTER_SET_RESULTS=@@CHARACTER_SET_RESULTS */;
/*!40101 SET @OLD_COLLATION_CONNECTION=@@COLLATION_CONNECTION */;
/*!40101 SET NAMES utf8mb4 */;

--
-- Database: `kiucoid_kiustore`
--

-- --------------------------------------------------------

--
-- Struktur dari tabel `banner_product`
--

CREATE TABLE `banner_product` (
  `id` int(11) NOT NULL,
  `product_id` int(11) NOT NULL,
  `banner_image` varchar(255) NOT NULL,
  `created_at` datetime NOT NULL DEFAULT current_timestamp()
) ENGINE=InnoDB DEFAULT CHARSET=latin1;

--
-- Dumping data untuk tabel `banner_product`
--

INSERT INTO `banner_product` (`id`, `product_id`, `banner_image`, `created_at`) VALUES
(2, 2, 'bn1.jpg', '2022-06-18 02:23:10'),
(3, 8, 'bn2.jpg', '2022-06-18 02:24:15'),
(4, 11, 'bn3.jpg', '2022-06-18 02:24:43');

-- --------------------------------------------------------

--
-- Struktur dari tabel `briva_api`
--

CREATE TABLE `briva_api` (
  `id` int(11) NOT NULL,
  `order_number` varchar(16) NOT NULL,
  `user_id` int(3) NOT NULL,
  `va_code` int(15) NOT NULL,
  `status` int(2) NOT NULL,
  `create_at` timestamp NOT NULL DEFAULT current_timestamp() ON UPDATE current_timestamp()
) ENGINE=InnoDB DEFAULT CHARSET=utf8mb4;

--
-- Dumping data untuk tabel `briva_api`
--

INSERT INTO `briva_api` (`id`, `order_number`, `user_id`, `va_code`, `status`, `create_at`) VALUES
(10, 'DTS7225185315', 85, 2147483647, 1, '2025-02-07 02:33:46'),
(11, 'GHD7225185134', 85, 2147483647, 1, '2025-02-07 06:38:57'),
(12, 'ECX10225285184', 85, 2147483647, 1, '2025-02-10 01:39:59'),
(13, 'XJN10225185432', 85, 2147483647, 1, '2025-02-10 02:49:07'),
(14, 'NSS10225285165', 85, 2147483647, 1, '2025-02-10 08:04:07'),
(15, 'SKG11225385279', 85, 2147483647, 1, '2025-02-11 08:38:51'),
(16, 'GHQ12225185657', 85, 2147483647, 1, '2025-02-12 01:47:26'),
(17, 'RKI13225256943', 56, 0, 1, '2025-02-13 08:58:34'),
(18, 'ADH28225185523', 85, 2147483647, 1, '2025-02-28 06:45:17'),
(19, 'RKQ28225185074', 85, 2147483647, 1, '2025-02-28 07:29:42'),
(20, 'FLD28225185891', 85, 2147483647, 1, '2025-02-28 07:42:03');

-- --------------------------------------------------------

--
-- Struktur dari tabel `ci_sessions`
--

CREATE TABLE `ci_sessions` (
  `id` varchar(128) NOT NULL,
  `ip_address` varchar(45) NOT NULL,
  `timestamp` int(10) UNSIGNED NOT NULL DEFAULT 0,
  `data` blob NOT NULL
) ENGINE=InnoDB DEFAULT CHARSET=utf8mb4;

--
-- Dumping data untuk tabel `ci_sessions`
--

INSERT INTO `ci_sessions` (`id`, `ip_address`, `timestamp`, `data`) VALUES
('g972vdgndmtl9v40hgb2084dd4v948o7', '10.10.10.14', 1740732892, 0x5f5f63695f6c6173745f726567656e65726174657c693a313734303732323532353b7265646972656374696f6e7c4e3b5f5f4143544956455f53455353494f4e5f444154417c733a3238303a22356239623965306261343838356330633465346432303163313864393837316234373265616235336165393765313565363031343166613530373565313436616630636536336564316365613065646136346239366437366261393064306132663262353565393934643765626232343638343332313330303365383963373831534b586846334a547279465075536d596d6c3243424c51586f57566251576767796d563736384a6c4a49483467754b2f632b4c4a4e766b4a384d4a436b726435784371524b6e713362512f634e31783836796c694855436e632b6d513570774b486b7a4246555543724858655a4d4a4563674578534b574b7a67487345795a5861363174692f705257726a2b444e563559707964513d3d223b),
('5h1878v4aml9avq7p1d55pjutho433ru', '::1', 1740725207, 0x5f5f63695f6c6173745f726567656e65726174657c693a313734303732353230373b7265646972656374696f6e7c4e3b757365725f69647c733a323a223835223b73616c65736d616e5f69647c733a323a223539223b757365725f6c6576656c7c733a313a2231223b5f5f4143544956455f53455353494f4e5f444154417c733a3334343a2265386361323736326562663062316532306661633139623231373435373666323435636533633864396238333539643464633361343132353630353964636565333965366337336161663038653031353431393635303732336363373030313562383538386139356463373562303638306263336233386532356566646261372f45563557627a76337576486d4f475952696e416565466533546c387442522f4d41643177376d374144444732454d5a2b6a644e5767486836545a3372506e5841434d6a6367717a30566a4c3542674f366d2b7870657a4a4d4c33366f6162345641524f6e506b6e6e50644865462b4c424664594d784c6668726632687a4467615551484672694541316762326e725a49316d32434d6471475673784b42507673377a737a724c774e2b3077365763656f5654315451345a6b6d4a35676944665139685877465246596134505349787250622b4361673d3d223b6f726465725f7175616e746974795f6d756c74697c613a313a7b693a313b613a313a7b693a313b613a353a7b733a333a22717479223b643a323b733a363a2273617475616e223b733a313a2231223b733a31313a2273617475616e5f74657874223b733a333a22506373223b733a31303a2273617475616e5f717479223b733a323a223130223b733a353a227072696365223b643a39393030303b7d7d7d746f74616c5f70726963655f6d756c74697c613a333a7b693a313b643a39393030303b693a323b693a303b693a333b693a303b7d),
('qsavfk9nsv1fpbfes1q45bi7ad5jhuhi', '::1', 1740725557, 0x5f5f63695f6c6173745f726567656e65726174657c693a313734303732353535373b7265646972656374696f6e7c4e3b757365725f69647c733a323a223835223b73616c65736d616e5f69647c733a323a223539223b757365725f6c6576656c7c733a313a2231223b5f5f4143544956455f53455353494f4e5f444154417c733a3334343a2265386361323736326562663062316532306661633139623231373435373666323435636533633864396238333539643464633361343132353630353964636565333965366337336161663038653031353431393635303732336363373030313562383538386139356463373562303638306263336233386532356566646261372f45563557627a76337576486d4f475952696e416565466533546c387442522f4d41643177376d374144444732454d5a2b6a644e5767486836545a3372506e5841434d6a6367717a30566a4c3542674f366d2b7870657a4a4d4c33366f6162345641524f6e506b6e6e50644865462b4c424664594d784c6668726632687a4467615551484672694541316762326e725a49316d32434d6471475673784b42507673377a737a724c774e2b3077365763656f5654315451345a6b6d4a35676944665139685877465246596134505349787250622b4361673d3d223b6f726465725f7175616e746974795f6d756c74697c613a313a7b693a313b613a313a7b693a313b613a353a7b733a333a22717479223b643a323b733a363a2273617475616e223b733a313a2231223b733a31313a2273617475616e5f74657874223b733a333a22506373223b733a31303a2273617475616e5f717479223b733a323a223130223b733a353a227072696365223b643a39393030303b7d7d7d746f74616c5f70726963655f6d756c74697c613a333a7b693a313b643a39393030303b693a323b693a303b693a333b693a303b7d636172745f636f6e74656e74737c613a333a7b733a31303a22636172745f746f74616c223b643a32303030303b733a31313a22746f74616c5f6974656d73223b643a313b733a33323a226339663066383935666239386162393135396635316664303239376532333664223b613a31333a7b733a323a226964223b733a313a2238223b733a333a22717479223b643a313b733a363a2273617475616e223b733a313a2231223b733a31313a2273617475616e5f74657874223b733a333a22506373223b733a31303a2273617475616e5f717479223b733a323a223130223b733a353a227072696365223b643a32303030303b733a343a226e616d65223b733a373a2242616c74696b6f223b733a31323a2270726f647563745f74797065223b733a313a2231223b733a31343a2270726f647563745f776569676874223b733a343a2231303030223b733a31323a22746f74616c5f776569676874223b693a313030303b733a373a226b646368617274223b733a31353a224b4955383532383032323530303032223b733a353a22726f776964223b733a33323a226339663066383935666239386162393135396635316664303239376532333664223b733a383a22737562746f74616c223b643a32303030303b7d7d),
('070ph7laev6rmggnjp5ba4pevvj8kqeq', '::1', 1740725969, 0x5f5f63695f6c6173745f726567656e65726174657c693a313734303732353936393b7265646972656374696f6e7c4e3b757365725f69647c733a323a223835223b73616c65736d616e5f69647c733a323a223539223b757365725f6c6576656c7c733a313a2231223b5f5f4143544956455f53455353494f4e5f444154417c733a3334343a2265386361323736326562663062316532306661633139623231373435373666323435636533633864396238333539643464633361343132353630353964636565333965366337336161663038653031353431393635303732336363373030313562383538386139356463373562303638306263336233386532356566646261372f45563557627a76337576486d4f475952696e416565466533546c387442522f4d41643177376d374144444732454d5a2b6a644e5767486836545a3372506e5841434d6a6367717a30566a4c3542674f366d2b7870657a4a4d4c33366f6162345641524f6e506b6e6e50644865462b4c424664594d784c6668726632687a4467615551484672694541316762326e725a49316d32434d6471475673784b42507673377a737a724c774e2b3077365763656f5654315451345a6b6d4a35676944665139685877465246596134505349787250622b4361673d3d223b6f726465725f7175616e746974795f6d756c74697c613a313a7b693a313b613a313a7b693a383b613a353a7b733a333a22717479223b643a313b733a363a2273617475616e223b733a313a2231223b733a31313a2273617475616e5f74657874223b733a333a22506373223b733a31303a2273617475616e5f717479223b733a323a223130223b733a353a227072696365223b643a32303030303b7d7d7d746f74616c5f70726963655f6d756c74697c613a333a7b693a313b643a32303030303b693a323b693a303b693a333b693a303b7d636172745f636f6e74656e74737c613a333a7b733a31303a22636172745f746f74616c223b643a32303030303b733a31313a22746f74616c5f6974656d73223b643a313b733a33323a226339663066383935666239386162393135396635316664303239376532333664223b613a31333a7b733a323a226964223b733a313a2238223b733a333a22717479223b643a313b733a363a2273617475616e223b733a313a2231223b733a31313a2273617475616e5f74657874223b733a333a22506373223b733a31303a2273617475616e5f717479223b733a323a223130223b733a353a227072696365223b643a32303030303b733a343a226e616d65223b733a373a2242616c74696b6f223b733a31323a2270726f647563745f74797065223b733a313a2231223b733a31343a2270726f647563745f776569676874223b733a343a2231303030223b733a31323a22746f74616c5f776569676874223b693a313030303b733a373a226b646368617274223b733a31353a224b4955383532383032323530303032223b733a353a22726f776964223b733a33323a226339663066383935666239386162393135396635316664303239376532333664223b733a383a22737562746f74616c223b643a32303030303b7d7d6f726465725f7175616e746974797c613a313a7b693a383b613a353a7b733a333a22717479223b643a313b733a363a2273617475616e223b733a313a2231223b733a31313a2273617475616e5f74657874223b733a333a22506373223b733a31303a2273617475616e5f717479223b733a323a223130223b733a353a227072696365223b643a32303030303b7d7d746f74616c5f70726963657c643a32303030303b),
('mo8ga64bd9fi5jm503ds2b2nolrvbla6', '::1', 1740726344, 0x5f5f63695f6c6173745f726567656e65726174657c693a313734303732363334343b7265646972656374696f6e7c4e3b757365725f69647c733a323a223835223b73616c65736d616e5f69647c733a323a223539223b757365725f6c6576656c7c733a313a2231223b5f5f4143544956455f53455353494f4e5f444154417c733a3334343a2265386361323736326562663062316532306661633139623231373435373666323435636533633864396238333539643464633361343132353630353964636565333965366337336161663038653031353431393635303732336363373030313562383538386139356463373562303638306263336233386532356566646261372f45563557627a76337576486d4f475952696e416565466533546c387442522f4d41643177376d374144444732454d5a2b6a644e5767486836545a3372506e5841434d6a6367717a30566a4c3542674f366d2b7870657a4a4d4c33366f6162345641524f6e506b6e6e50644865462b4c424664594d784c6668726632687a4467615551484672694541316762326e725a49316d32434d6471475673784b42507673377a737a724c774e2b3077365763656f5654315451345a6b6d4a35676944665139685877465246596134505349787250622b4361673d3d223b6f726465725f7175616e746974795f6d756c74697c613a313a7b693a313b613a313a7b693a383b613a353a7b733a333a22717479223b643a313b733a363a2273617475616e223b733a313a2231223b733a31313a2273617475616e5f74657874223b733a333a22506373223b733a31303a2273617475616e5f717479223b733a323a223130223b733a353a227072696365223b643a32303030303b7d7d7d746f74616c5f70726963655f6d756c74697c613a333a7b693a313b643a32303030303b693a323b693a303b693a333b693a303b7d636172745f636f6e74656e74737c613a333a7b733a31303a22636172745f746f74616c223b643a32303030303b733a31313a22746f74616c5f6974656d73223b643a313b733a33323a226339663066383935666239386162393135396635316664303239376532333664223b613a31333a7b733a323a226964223b733a313a2238223b733a333a22717479223b643a313b733a363a2273617475616e223b733a313a2231223b733a31313a2273617475616e5f74657874223b733a333a22506373223b733a31303a2273617475616e5f717479223b733a323a223130223b733a353a227072696365223b643a32303030303b733a343a226e616d65223b733a373a2242616c74696b6f223b733a31323a2270726f647563745f74797065223b733a313a2231223b733a31343a2270726f647563745f776569676874223b733a343a2231303030223b733a31323a22746f74616c5f776569676874223b693a313030303b733a373a226b646368617274223b733a31353a224b4955383532383032323530303032223b733a353a22726f776964223b733a33323a226339663066383935666239386162393135396635316664303239376532333664223b733a383a22737562746f74616c223b643a32303030303b7d7d6f726465725f7175616e746974797c613a313a7b693a383b613a353a7b733a333a22717479223b643a313b733a363a2273617475616e223b733a313a2231223b733a31313a2273617475616e5f74657874223b733a333a22506373223b733a31303a2273617475616e5f717479223b733a323a223130223b733a353a227072696365223b643a32303030303b7d7d746f74616c5f70726963657c643a32303030303b),
('vvj8fld5f057q154k8c54trtvn06pmid', '::1', 1740727773, 0x5f5f63695f6c6173745f726567656e65726174657c693a313734303732373737333b7265646972656374696f6e7c4e3b757365725f69647c733a323a223835223b73616c65736d616e5f69647c733a323a223539223b757365725f6c6576656c7c733a313a2231223b5f5f4143544956455f53455353494f4e5f444154417c733a3334343a2265386361323736326562663062316532306661633139623231373435373666323435636533633864396238333539643464633361343132353630353964636565333965366337336161663038653031353431393635303732336363373030313562383538386139356463373562303638306263336233386532356566646261372f45563557627a76337576486d4f475952696e416565466533546c387442522f4d41643177376d374144444732454d5a2b6a644e5767486836545a3372506e5841434d6a6367717a30566a4c3542674f366d2b7870657a4a4d4c33366f6162345641524f6e506b6e6e50644865462b4c424664594d784c6668726632687a4467615551484672694541316762326e725a49316d32434d6471475673784b42507673377a737a724c774e2b3077365763656f5654315451345a6b6d4a35676944665139685877465246596134505349787250622b4361673d3d223b6f726465725f7175616e746974795f6d756c74697c613a313a7b693a313b613a313a7b693a383b613a353a7b733a333a22717479223b643a313b733a363a2273617475616e223b733a313a2231223b733a31313a2273617475616e5f74657874223b733a333a22506373223b733a31303a2273617475616e5f717479223b733a323a223130223b733a353a227072696365223b643a32303030303b7d7d7d746f74616c5f70726963655f6d756c74697c613a333a7b693a313b643a32303030303b693a323b693a303b693a333b693a303b7d636172745f636f6e74656e74737c613a333a7b733a31303a22636172745f746f74616c223b643a32303030303b733a31313a22746f74616c5f6974656d73223b643a313b733a33323a226339663066383935666239386162393135396635316664303239376532333664223b613a31333a7b733a323a226964223b733a313a2238223b733a333a22717479223b643a313b733a363a2273617475616e223b733a313a2231223b733a31313a2273617475616e5f74657874223b733a333a22506373223b733a31303a2273617475616e5f717479223b733a323a223130223b733a353a227072696365223b643a32303030303b733a343a226e616d65223b733a373a2242616c74696b6f223b733a31323a2270726f647563745f74797065223b733a313a2231223b733a31343a2270726f647563745f776569676874223b733a343a2231303030223b733a31323a22746f74616c5f776569676874223b693a313030303b733a373a226b646368617274223b733a31353a224b4955383532383032323530303032223b733a353a22726f776964223b733a33323a226339663066383935666239386162393135396635316664303239376532333664223b733a383a22737562746f74616c223b643a32303030303b7d7d6f726465725f7175616e746974797c613a313a7b693a383b613a353a7b733a333a22717479223b643a313b733a363a2273617475616e223b733a313a2231223b733a31313a2273617475616e5f74657874223b733a333a22506373223b733a31303a2273617475616e5f717479223b733a323a223130223b733a353a227072696365223b643a32303030303b7d7d746f74616c5f70726963657c643a32303030303b),
('139am716t20at3thauv9r65kundmpuoi', '::1', 1740728075, 0x5f5f63695f6c6173745f726567656e65726174657c693a313734303732383037353b7265646972656374696f6e7c4e3b757365725f69647c733a323a223835223b73616c65736d616e5f69647c733a323a223539223b757365725f6c6576656c7c733a313a2231223b5f5f4143544956455f53455353494f4e5f444154417c733a3334343a2265386361323736326562663062316532306661633139623231373435373666323435636533633864396238333539643464633361343132353630353964636565333965366337336161663038653031353431393635303732336363373030313562383538386139356463373562303638306263336233386532356566646261372f45563557627a76337576486d4f475952696e416565466533546c387442522f4d41643177376d374144444732454d5a2b6a644e5767486836545a3372506e5841434d6a6367717a30566a4c3542674f366d2b7870657a4a4d4c33366f6162345641524f6e506b6e6e50644865462b4c424664594d784c6668726632687a4467615551484672694541316762326e725a49316d32434d6471475673784b42507673377a737a724c774e2b3077365763656f5654315451345a6b6d4a35676944665139685877465246596134505349787250622b4361673d3d223b6f726465725f7175616e746974795f6d756c74697c613a313a7b693a313b613a313a7b693a383b613a353a7b733a333a22717479223b643a313b733a363a2273617475616e223b733a313a2231223b733a31313a2273617475616e5f74657874223b733a333a22506373223b733a31303a2273617475616e5f717479223b733a323a223130223b733a353a227072696365223b643a32303030303b7d7d7d746f74616c5f70726963655f6d756c74697c613a333a7b693a313b643a32303030303b693a323b693a303b693a333b693a303b7d),
('jtrhh53qgekrtgogsf6h4is33nle49dc', '::1', 1740728523, 0x5f5f63695f6c6173745f726567656e65726174657c693a313734303732383532333b7265646972656374696f6e7c4e3b757365725f69647c733a323a223835223b73616c65736d616e5f69647c733a323a223539223b757365725f6c6576656c7c733a313a2231223b5f5f4143544956455f53455353494f4e5f444154417c733a3334343a2265386361323736326562663062316532306661633139623231373435373666323435636533633864396238333539643464633361343132353630353964636565333965366337336161663038653031353431393635303732336363373030313562383538386139356463373562303638306263336233386532356566646261372f45563557627a76337576486d4f475952696e416565466533546c387442522f4d41643177376d374144444732454d5a2b6a644e5767486836545a3372506e5841434d6a6367717a30566a4c3542674f366d2b7870657a4a4d4c33366f6162345641524f6e506b6e6e50644865462b4c424664594d784c6668726632687a4467615551484672694541316762326e725a49316d32434d6471475673784b42507673377a737a724c774e2b3077365763656f5654315451345a6b6d4a35676944665139685877465246596134505349787250622b4361673d3d223b6f726465725f7175616e746974795f6d756c74697c613a313a7b693a313b613a313a7b693a393b613a353a7b733a333a22717479223b643a353b733a363a2273617475616e223b733a313a2232223b733a31313a2273617475616e5f74657874223b733a333a22426f78223b733a31303a2273617475616e5f717479223b733a323a223130223b733a353a227072696365223b643a3235303030303b7d7d7d746f74616c5f70726963655f6d756c74697c613a333a7b693a313b643a3235303030303b693a323b693a303b693a333b693a303b7d636172745f636f6e74656e74737c613a333a7b733a31303a22636172745f746f74616c223b643a313235303030303b733a31313a22746f74616c5f6974656d73223b643a353b733a33323a223435633438636365326532643766626465613161666335316337633661643236223b613a31333a7b733a323a226964223b733a313a2239223b733a333a22717479223b643a353b733a363a2273617475616e223b733a313a2232223b733a31313a2273617475616e5f74657874223b733a333a22426f78223b733a31303a2273617475616e5f717479223b733a323a223130223b733a353a227072696365223b643a3235303030303b733a343a226e616d65223b733a31323a22546f70696461203235205750223b733a31323a2270726f647563745f74797065223b733a313a2231223b733a31343a2270726f647563745f776569676874223b733a343a2231303030223b733a31323a22746f74616c5f776569676874223b693a353030303b733a373a226b646368617274223b733a31353a224b4955383532383032323530303033223b733a353a22726f776964223b733a33323a223435633438636365326532643766626465613161666335316337633661643236223b733a383a22737562746f74616c223b643a313235303030303b7d7d6f726465725f7175616e746974797c613a313a7b693a393b613a353a7b733a333a22717479223b643a353b733a363a2273617475616e223b733a313a2232223b733a31313a2273617475616e5f74657874223b733a333a22426f78223b733a31303a2273617475616e5f717479223b733a323a223130223b733a353a227072696365223b643a3235303030303b7d7d746f74616c5f70726963657c643a313235303030303b),
('u3f2hvfhuc3vj3gmj2cpduk9uj02cgvn', '::1', 1740728845, 0x5f5f63695f6c6173745f726567656e65726174657c693a313734303732383834353b7265646972656374696f6e7c4e3b757365725f69647c733a323a223835223b73616c65736d616e5f69647c733a323a223539223b757365725f6c6576656c7c733a313a2231223b5f5f4143544956455f53455353494f4e5f444154417c733a3334343a2265386361323736326562663062316532306661633139623231373435373666323435636533633864396238333539643464633361343132353630353964636565333965366337336161663038653031353431393635303732336363373030313562383538386139356463373562303638306263336233386532356566646261372f45563557627a76337576486d4f475952696e416565466533546c387442522f4d41643177376d374144444732454d5a2b6a644e5767486836545a3372506e5841434d6a6367717a30566a4c3542674f366d2b7870657a4a4d4c33366f6162345641524f6e506b6e6e50644865462b4c424664594d784c6668726632687a4467615551484672694541316762326e725a49316d32434d6471475673784b42507673377a737a724c774e2b3077365763656f5654315451345a6b6d4a35676944665139685877465246596134505349787250622b4361673d3d223b6f726465725f7175616e746974795f6d756c74697c613a313a7b693a313b613a313a7b693a393b613a353a7b733a333a22717479223b643a353b733a363a2273617475616e223b733a313a2232223b733a31313a2273617475616e5f74657874223b733a333a22426f78223b733a31303a2273617475616e5f717479223b733a323a223130223b733a353a227072696365223b643a3235303030303b7d7d7d746f74616c5f70726963655f6d756c74697c613a333a7b693a313b643a3235303030303b693a323b693a303b693a333b693a303b7d),
('j5baaj9r9l6h4bt8af11boquo35d723g', '::1', 1740729160, 0x5f5f63695f6c6173745f726567656e65726174657c693a313734303732393136303b5f5f4143544956455f53455353494f4e5f444154417c733a3238303a223462633930393335353133373638333931333033643531623233343961383039333162643535626430366665333266353936633239383731663266633634633636393830633134313837373537393662363835333362663630653062383734656230626230333133343265666331323333343735303836303230326366346463697a316a6f4b564c65643347494d6b58797266763963397177376d76414537426f44494d524e777935344b772b4956634a625676532b3272692b6f414f4d754f437474617035627254347665466467346c464d52685437367245713670685a6f6d31644874327144304e3762416f516544504348386f5138472b792b4d506f43636661786c33386e464f54435162547163324f6f68513d3d223b),
('c8jaikkfu8r4dffcb1moi5u7omvd3kdb', '::1', 1740729166, 0x5f5f63695f6c6173745f726567656e65726174657c693a313734303732393136363b7265646972656374696f6e7c4e3b757365725f69647c733a323a223835223b73616c65736d616e5f69647c733a323a223539223b757365725f6c6576656c7c733a313a2231223b5f5f4143544956455f53455353494f4e5f444154417c733a3334343a2265386361323736326562663062316532306661633139623231373435373666323435636533633864396238333539643464633361343132353630353964636565333965366337336161663038653031353431393635303732336363373030313562383538386139356463373562303638306263336233386532356566646261372f45563557627a76337576486d4f475952696e416565466533546c387442522f4d41643177376d374144444732454d5a2b6a644e5767486836545a3372506e5841434d6a6367717a30566a4c3542674f366d2b7870657a4a4d4c33366f6162345641524f6e506b6e6e50644865462b4c424664594d784c6668726632687a4467615551484672694541316762326e725a49316d32434d6471475673784b42507673377a737a724c774e2b3077365763656f5654315451345a6b6d4a35676944665139685877465246596134505349787250622b4361673d3d223b6f726465725f7175616e746974795f6d756c74697c613a313a7b693a313b613a313a7b693a393b613a353a7b733a333a22717479223b643a353b733a363a2273617475616e223b733a313a2232223b733a31313a2273617475616e5f74657874223b733a333a22426f78223b733a31303a2273617475616e5f717479223b733a323a223130223b733a353a227072696365223b643a3235303030303b7d7d7d746f74616c5f70726963655f6d756c74697c613a333a7b693a313b643a3235303030303b693a323b693a303b693a333b693a303b7d),
('its87ufpfqepcvb9sq0b0tjeshmahhfb', '::1', 1740732816, 0x5f5f63695f6c6173745f726567656e65726174657c693a313734303733323831363b5f5f4143544956455f53455353494f4e5f444154417c733a3238303a223462633930393335353133373638333931333033643531623233343961383039333162643535626430366665333266353936633239383731663266633634633636393830633134313837373537393662363835333362663630653062383734656230626230333133343265666331323333343735303836303230326366346463697a316a6f4b564c65643347494d6b58797266763963397177376d76414537426f44494d524e777935344b772b4956634a625676532b3272692b6f414f4d754f437474617035627254347665466467346c464d52685437367245713670685a6f6d31644874327144304e3762416f516544504348386f5138472b792b4d506f43636661786c33386e464f54435162547163324f6f68513d3d223b),
('ed37ju21qaro5qadg3tdsjiej89u04bl', '::1', 1740729605, 0x5f5f63695f6c6173745f726567656e65726174657c693a313734303732393630353b7265646972656374696f6e7c4e3b757365725f69647c733a323a223836223b73616c65736d616e5f69647c733a323a223539223b757365725f6c6576656c7c733a313a2232223b6f726465725f7175616e746974795f6d756c74697c613a313a7b693a313b613a313a7b693a393b613a353a7b733a333a22717479223b643a353b733a363a2273617475616e223b733a313a2232223b733a31313a2273617475616e5f74657874223b733a333a22426f78223b733a31303a2273617475616e5f717479223b733a323a223130223b733a353a227072696365223b643a3235303030303b7d7d7d746f74616c5f70726963655f6d756c74697c613a333a7b693a313b643a3235303030303b693a323b693a303b693a333b693a303b7d5f5f4143544956455f53455353494f4e5f444154417c733a3334343a223065346564663039346332323035646338623637313534663337656333616634306237393633663162323931653430653432383834356635393739386265633363316430656632653634346634386632363061303231376265336335336432316164653462366138303032666331386164363131626535636563343366396638427632503277764c6d3076553362435334366232452b6f6231726d4f336c6b484974516457794b6f414333496c6d7247324e4d324a66414e382f5233484c526d524e4463467770787045554f30592b786f4d7833766147644f686851516c314353474c38555a5a4176523741576b374577714e5553776878394b2b61364e2f535977654f77512f72733141754132446a44594e424d4d316d48327477724741492b6a655972436377564a376d493447783873515474466b50304332746b6b5064326e564d7831506f496367316c6b39362b76676a66413d3d223b636172745f636f6e74656e74737c613a333a7b733a31303a22636172745f746f74616c223b643a3938303030303b733a31313a22746f74616c5f6974656d73223b643a31303b733a33323a226334636134323338613062393233383230646363353039613666373538343962223b613a31333a7b733a323a226964223b733a313a2231223b733a333a22717479223b643a31303b733a363a2273617475616e223b733a313a2231223b733a31313a2273617475616e5f74657874223b733a333a22506373223b733a31303a2273617475616e5f717479223b733a323a223130223b733a353a227072696365223b643a39383030303b733a343a226e616d65223b733a373a224163652d4f6e65223b733a31323a2270726f647563745f74797065223b733a313a2231223b733a31343a2270726f647563745f776569676874223b733a343a2231303030223b733a31323a22746f74616c5f776569676874223b693a31303030303b733a373a226b646368617274223b733a31353a224b4955383632383032323530303034223b733a353a22726f776964223b733a33323a226334636134323338613062393233383230646363353039613666373538343962223b733a383a22737562746f74616c223b643a3938303030303b7d7d),
('8gtbhsjs3ltgh0idv6g7ji3ubqtajnmg', '::1', 1740729988, 0x5f5f63695f6c6173745f726567656e65726174657c693a313734303732393938383b7265646972656374696f6e7c4e3b757365725f69647c733a323a223836223b73616c65736d616e5f69647c733a323a223539223b757365725f6c6576656c7c733a313a2232223b6f726465725f7175616e746974795f6d756c74697c613a313a7b693a313b613a313a7b693a393b613a353a7b733a333a22717479223b643a353b733a363a2273617475616e223b733a313a2232223b733a31313a2273617475616e5f74657874223b733a333a22426f78223b733a31303a2273617475616e5f717479223b733a323a223130223b733a353a227072696365223b643a3235303030303b7d7d7d746f74616c5f70726963655f6d756c74697c613a333a7b693a313b643a3235303030303b693a323b693a303b693a333b693a303b7d5f5f4143544956455f53455353494f4e5f444154417c733a3334343a223065346564663039346332323035646338623637313534663337656333616634306237393633663162323931653430653432383834356635393739386265633363316430656632653634346634386632363061303231376265336335336432316164653462366138303032666331386164363131626535636563343366396638427632503277764c6d3076553362435334366232452b6f6231726d4f336c6b484974516457794b6f414333496c6d7247324e4d324a66414e382f5233484c526d524e4463467770787045554f30592b786f4d7833766147644f686851516c314353474c38555a5a4176523741576b374577714e5553776878394b2b61364e2f535977654f77512f72733141754132446a44594e424d4d316d48327477724741492b6a655972436377564a376d493447783873515474466b50304332746b6b5064326e564d7831506f496367316c6b39362b76676a66413d3d223b636172745f636f6e74656e74737c613a333a7b733a31303a22636172745f746f74616c223b643a3938303030303b733a31313a22746f74616c5f6974656d73223b643a31303b733a33323a226334636134323338613062393233383230646363353039613666373538343962223b613a31333a7b733a323a226964223b733a313a2231223b733a333a22717479223b643a31303b733a363a2273617475616e223b733a313a2231223b733a31313a2273617475616e5f74657874223b733a333a22506373223b733a31303a2273617475616e5f717479223b733a323a223130223b733a353a227072696365223b643a39383030303b733a343a226e616d65223b733a373a224163652d4f6e65223b733a31323a2270726f647563745f74797065223b733a313a2231223b733a31343a2270726f647563745f776569676874223b733a343a2231303030223b733a31323a22746f74616c5f776569676874223b693a31303030303b733a373a226b646368617274223b733a31353a224b4955383632383032323530303034223b733a353a22726f776964223b733a33323a226334636134323338613062393233383230646363353039613666373538343962223b733a383a22737562746f74616c223b643a3938303030303b7d7d),
('p6supb4qkq5rgutm5m72pv4cu5nqn1og', '::1', 1740730295, 0x5f5f63695f6c6173745f726567656e65726174657c693a313734303733303239353b7265646972656374696f6e7c4e3b757365725f69647c733a323a223836223b73616c65736d616e5f69647c733a323a223539223b757365725f6c6576656c7c733a313a2232223b6f726465725f7175616e746974795f6d756c74697c613a313a7b693a313b613a313a7b693a393b613a353a7b733a333a22717479223b643a353b733a363a2273617475616e223b733a313a2232223b733a31313a2273617475616e5f74657874223b733a333a22426f78223b733a31303a2273617475616e5f717479223b733a323a223130223b733a353a227072696365223b643a3235303030303b7d7d7d746f74616c5f70726963655f6d756c74697c613a333a7b693a313b643a3235303030303b693a323b693a303b693a333b693a303b7d5f5f4143544956455f53455353494f4e5f444154417c733a3334343a223065346564663039346332323035646338623637313534663337656333616634306237393633663162323931653430653432383834356635393739386265633363316430656632653634346634386632363061303231376265336335336432316164653462366138303032666331386164363131626535636563343366396638427632503277764c6d3076553362435334366232452b6f6231726d4f336c6b484974516457794b6f414333496c6d7247324e4d324a66414e382f5233484c526d524e4463467770787045554f30592b786f4d7833766147644f686851516c314353474c38555a5a4176523741576b374577714e5553776878394b2b61364e2f535977654f77512f72733141754132446a44594e424d4d316d48327477724741492b6a655972436377564a376d493447783873515474466b50304332746b6b5064326e564d7831506f496367316c6b39362b76676a66413d3d223b636172745f636f6e74656e74737c613a333a7b733a31303a22636172745f746f74616c223b643a3938303030303b733a31313a22746f74616c5f6974656d73223b643a31303b733a33323a226334636134323338613062393233383230646363353039613666373538343962223b613a31333a7b733a323a226964223b733a313a2231223b733a333a22717479223b643a31303b733a363a2273617475616e223b733a313a2231223b733a31313a2273617475616e5f74657874223b733a333a22506373223b733a31303a2273617475616e5f717479223b733a323a223130223b733a353a227072696365223b643a39383030303b733a343a226e616d65223b733a373a224163652d4f6e65223b733a31323a2270726f647563745f74797065223b733a313a2231223b733a31343a2270726f647563745f776569676874223b733a343a2231303030223b733a31323a22746f74616c5f776569676874223b693a31303030303b733a373a226b646368617274223b733a31353a224b4955383632383032323530303034223b733a353a22726f776964223b733a33323a226334636134323338613062393233383230646363353039613666373538343962223b733a383a22737562746f74616c223b643a3938303030303b7d7d),
('9n1drgtksle6djo47kb3cqljdd3tdetr', '::1', 1740730741, 0x5f5f63695f6c6173745f726567656e65726174657c693a313734303733303734313b7265646972656374696f6e7c4e3b757365725f69647c733a323a223836223b73616c65736d616e5f69647c733a323a223539223b757365725f6c6576656c7c733a313a2232223b6f726465725f7175616e746974795f6d756c74697c613a313a7b693a313b613a313a7b693a393b613a353a7b733a333a22717479223b643a353b733a363a2273617475616e223b733a313a2232223b733a31313a2273617475616e5f74657874223b733a333a22426f78223b733a31303a2273617475616e5f717479223b733a323a223130223b733a353a227072696365223b643a3235303030303b7d7d7d746f74616c5f70726963655f6d756c74697c613a333a7b693a313b643a3235303030303b693a323b693a303b693a333b693a303b7d5f5f4143544956455f53455353494f4e5f444154417c733a3334343a223065346564663039346332323035646338623637313534663337656333616634306237393633663162323931653430653432383834356635393739386265633363316430656632653634346634386632363061303231376265336335336432316164653462366138303032666331386164363131626535636563343366396638427632503277764c6d3076553362435334366232452b6f6231726d4f336c6b484974516457794b6f414333496c6d7247324e4d324a66414e382f5233484c526d524e4463467770787045554f30592b786f4d7833766147644f686851516c314353474c38555a5a4176523741576b374577714e5553776878394b2b61364e2f535977654f77512f72733141754132446a44594e424d4d316d48327477724741492b6a655972436377564a376d493447783873515474466b50304332746b6b5064326e564d7831506f496367316c6b39362b76676a66413d3d223b636172745f636f6e74656e74737c613a333a7b733a31303a22636172745f746f74616c223b643a3938303030303b733a31313a22746f74616c5f6974656d73223b643a31303b733a33323a226334636134323338613062393233383230646363353039613666373538343962223b613a31333a7b733a323a226964223b733a313a2231223b733a333a22717479223b643a31303b733a363a2273617475616e223b733a313a2231223b733a31313a2273617475616e5f74657874223b733a333a22506373223b733a31303a2273617475616e5f717479223b733a323a223130223b733a353a227072696365223b643a39383030303b733a343a226e616d65223b733a373a224163652d4f6e65223b733a31323a2270726f647563745f74797065223b733a313a2231223b733a31343a2270726f647563745f776569676874223b733a343a2231303030223b733a31323a22746f74616c5f776569676874223b693a31303030303b733a373a226b646368617274223b733a31353a224b4955383632383032323530303034223b733a353a22726f776964223b733a33323a226334636134323338613062393233383230646363353039613666373538343962223b733a383a22737562746f74616c223b643a3938303030303b7d7d),
('l8omp1isni763pj83u2lki8rejhhqbai', '::1', 1740731051, 0x5f5f63695f6c6173745f726567656e65726174657c693a313734303733313035313b7265646972656374696f6e7c4e3b757365725f69647c733a323a223836223b73616c65736d616e5f69647c733a323a223539223b757365725f6c6576656c7c733a313a2232223b6f726465725f7175616e746974795f6d756c74697c613a313a7b693a313b613a313a7b693a313b613a353a7b733a333a22717479223b643a31303b733a363a2273617475616e223b733a313a2231223b733a31313a2273617475616e5f74657874223b733a333a22506373223b733a31303a2273617475616e5f717479223b733a323a223130223b733a353a227072696365223b643a39383030303b7d7d7d746f74616c5f70726963655f6d756c74697c613a333a7b693a313b643a39383030303b693a323b693a303b693a333b693a303b7d5f5f4143544956455f53455353494f4e5f444154417c733a3334343a223065346564663039346332323035646338623637313534663337656333616634306237393633663162323931653430653432383834356635393739386265633363316430656632653634346634386632363061303231376265336335336432316164653462366138303032666331386164363131626535636563343366396638427632503277764c6d3076553362435334366232452b6f6231726d4f336c6b484974516457794b6f414333496c6d7247324e4d324a66414e382f5233484c526d524e4463467770787045554f30592b786f4d7833766147644f686851516c314353474c38555a5a4176523741576b374577714e5553776878394b2b61364e2f535977654f77512f72733141754132446a44594e424d4d316d48327477724741492b6a655972436377564a376d493447783873515474466b50304332746b6b5064326e564d7831506f496367316c6b39362b76676a66413d3d223b636172745f636f6e74656e74737c613a333a7b733a31303a22636172745f746f74616c223b643a3938303030303b733a31313a22746f74616c5f6974656d73223b643a31303b733a33323a226334636134323338613062393233383230646363353039613666373538343962223b613a31333a7b733a323a226964223b733a313a2231223b733a333a22717479223b643a31303b733a363a2273617475616e223b733a313a2231223b733a31313a2273617475616e5f74657874223b733a333a22506373223b733a31303a2273617475616e5f717479223b733a323a223130223b733a353a227072696365223b643a39383030303b733a343a226e616d65223b733a373a224163652d4f6e65223b733a31323a2270726f647563745f74797065223b733a313a2231223b733a31343a2270726f647563745f776569676874223b733a343a2231303030223b733a31323a22746f74616c5f776569676874223b693a31303030303b733a373a226b646368617274223b733a31353a224b4955383632383032323530303034223b733a353a22726f776964223b733a33323a226334636134323338613062393233383230646363353039613666373538343962223b733a383a22737562746f74616c223b643a3938303030303b7d7d6f726465725f7175616e746974797c613a313a7b693a313b613a353a7b733a333a22717479223b643a31303b733a363a2273617475616e223b733a313a2231223b733a31313a2273617475616e5f74657874223b733a333a22506373223b733a31303a2273617475616e5f717479223b733a323a223130223b733a353a227072696365223b643a39383030303b7d7d746f74616c5f70726963657c643a3938303030303b),
('oa03gev6h38lfkq07fvb8gjrbfi60d3p', '::1', 1740731888, 0x5f5f63695f6c6173745f726567656e65726174657c693a313734303733313838383b7265646972656374696f6e7c4e3b757365725f69647c733a323a223836223b73616c65736d616e5f69647c733a323a223539223b757365725f6c6576656c7c733a313a2232223b6f726465725f7175616e746974795f6d756c74697c613a313a7b693a313b613a313a7b693a313b613a353a7b733a333a22717479223b643a31303b733a363a2273617475616e223b733a313a2231223b733a31313a2273617475616e5f74657874223b733a333a22506373223b733a31303a2273617475616e5f717479223b733a323a223130223b733a353a227072696365223b643a39383030303b7d7d7d746f74616c5f70726963655f6d756c74697c613a333a7b693a313b643a39383030303b693a323b693a303b693a333b693a303b7d5f5f4143544956455f53455353494f4e5f444154417c733a3334343a223065346564663039346332323035646338623637313534663337656333616634306237393633663162323931653430653432383834356635393739386265633363316430656632653634346634386632363061303231376265336335336432316164653462366138303032666331386164363131626535636563343366396638427632503277764c6d3076553362435334366232452b6f6231726d4f336c6b484974516457794b6f414333496c6d7247324e4d324a66414e382f5233484c526d524e4463467770787045554f30592b786f4d7833766147644f686851516c314353474c38555a5a4176523741576b374577714e5553776878394b2b61364e2f535977654f77512f72733141754132446a44594e424d4d316d48327477724741492b6a655972436377564a376d493447783873515474466b50304332746b6b5064326e564d7831506f496367316c6b39362b76676a66413d3d223b636172745f636f6e74656e74737c613a333a7b733a31303a22636172745f746f74616c223b643a3938303030303b733a31313a22746f74616c5f6974656d73223b643a31303b733a33323a226334636134323338613062393233383230646363353039613666373538343962223b613a31333a7b733a323a226964223b733a313a2231223b733a333a22717479223b643a31303b733a363a2273617475616e223b733a313a2231223b733a31313a2273617475616e5f74657874223b733a333a22506373223b733a31303a2273617475616e5f717479223b733a323a223130223b733a353a227072696365223b643a39383030303b733a343a226e616d65223b733a373a224163652d4f6e65223b733a31323a2270726f647563745f74797065223b733a313a2231223b733a31343a2270726f647563745f776569676874223b733a343a2231303030223b733a31323a22746f74616c5f776569676874223b693a31303030303b733a373a226b646368617274223b733a31353a224b4955383632383032323530303034223b733a353a22726f776964223b733a33323a226334636134323338613062393233383230646363353039613666373538343962223b733a383a22737562746f74616c223b643a3938303030303b7d7d6f726465725f7175616e746974797c613a313a7b693a313b613a353a7b733a333a22717479223b643a31303b733a363a2273617475616e223b733a313a2231223b733a31313a2273617475616e5f74657874223b733a333a22506373223b733a31303a2273617475616e5f717479223b733a323a223130223b733a353a227072696365223b643a39383030303b7d7d746f74616c5f70726963657c643a3938303030303b),
('1f55qhusussg49p20qq8i1h229ki2cb0', '::1', 1740732217, 0x5f5f63695f6c6173745f726567656e65726174657c693a313734303733323231373b7265646972656374696f6e7c4e3b757365725f69647c733a323a223836223b73616c65736d616e5f69647c733a323a223539223b757365725f6c6576656c7c733a313a2232223b6f726465725f7175616e746974795f6d756c74697c613a313a7b693a313b613a313a7b693a313b613a353a7b733a333a22717479223b643a31303b733a363a2273617475616e223b733a313a2231223b733a31313a2273617475616e5f74657874223b733a333a22506373223b733a31303a2273617475616e5f717479223b733a323a223130223b733a353a227072696365223b643a39383030303b7d7d7d746f74616c5f70726963655f6d756c74697c613a333a7b693a313b643a39383030303b693a323b693a303b693a333b693a303b7d5f5f4143544956455f53455353494f4e5f444154417c733a3334343a223065346564663039346332323035646338623637313534663337656333616634306237393633663162323931653430653432383834356635393739386265633363316430656632653634346634386632363061303231376265336335336432316164653462366138303032666331386164363131626535636563343366396638427632503277764c6d3076553362435334366232452b6f6231726d4f336c6b484974516457794b6f414333496c6d7247324e4d324a66414e382f5233484c526d524e4463467770787045554f30592b786f4d7833766147644f686851516c314353474c38555a5a4176523741576b374577714e5553776878394b2b61364e2f535977654f77512f72733141754132446a44594e424d4d316d48327477724741492b6a655972436377564a376d493447783873515474466b50304332746b6b5064326e564d7831506f496367316c6b39362b76676a66413d3d223b636172745f636f6e74656e74737c613a333a7b733a31303a22636172745f746f74616c223b643a3938303030303b733a31313a22746f74616c5f6974656d73223b643a31303b733a33323a226334636134323338613062393233383230646363353039613666373538343962223b613a31333a7b733a323a226964223b733a313a2231223b733a333a22717479223b643a31303b733a363a2273617475616e223b733a313a2231223b733a31313a2273617475616e5f74657874223b733a333a22506373223b733a31303a2273617475616e5f717479223b733a323a223130223b733a353a227072696365223b643a39383030303b733a343a226e616d65223b733a373a224163652d4f6e65223b733a31323a2270726f647563745f74797065223b733a313a2231223b733a31343a2270726f647563745f776569676874223b733a343a2231303030223b733a31323a22746f74616c5f776569676874223b693a31303030303b733a373a226b646368617274223b733a31353a224b4955383632383032323530303034223b733a353a22726f776964223b733a33323a226334636134323338613062393233383230646363353039613666373538343962223b733a383a22737562746f74616c223b643a3938303030303b7d7d6f726465725f7175616e746974797c613a313a7b693a313b613a353a7b733a333a22717479223b643a31303b733a363a2273617475616e223b733a313a2231223b733a31313a2273617475616e5f74657874223b733a333a22506373223b733a31303a2273617475616e5f717479223b733a323a223130223b733a353a227072696365223b643a39383030303b7d7d746f74616c5f70726963657c643a3938303030303b),
('o2m5l5fsku1inbosu874qe19t18ot6me', '::1', 1740732539, 0x5f5f63695f6c6173745f726567656e65726174657c693a313734303733323533393b7265646972656374696f6e7c4e3b757365725f69647c733a323a223836223b73616c65736d616e5f69647c733a323a223539223b757365725f6c6576656c7c733a313a2232223b6f726465725f7175616e746974795f6d756c74697c613a313a7b693a313b613a313a7b693a313b613a353a7b733a333a22717479223b643a31303b733a363a2273617475616e223b733a313a2231223b733a31313a2273617475616e5f74657874223b733a333a22506373223b733a31303a2273617475616e5f717479223b733a323a223130223b733a353a227072696365223b643a39383030303b7d7d7d746f74616c5f70726963655f6d756c74697c613a333a7b693a313b643a39383030303b693a323b693a303b693a333b693a303b7d5f5f4143544956455f53455353494f4e5f444154417c733a3334343a223065346564663039346332323035646338623637313534663337656333616634306237393633663162323931653430653432383834356635393739386265633363316430656632653634346634386632363061303231376265336335336432316164653462366138303032666331386164363131626535636563343366396638427632503277764c6d3076553362435334366232452b6f6231726d4f336c6b484974516457794b6f414333496c6d7247324e4d324a66414e382f5233484c526d524e4463467770787045554f30592b786f4d7833766147644f686851516c314353474c38555a5a4176523741576b374577714e5553776878394b2b61364e2f535977654f77512f72733141754132446a44594e424d4d316d48327477724741492b6a655972436377564a376d493447783873515474466b50304332746b6b5064326e564d7831506f496367316c6b39362b76676a66413d3d223b636172745f636f6e74656e74737c613a333a7b733a31303a22636172745f746f74616c223b643a3938303030303b733a31313a22746f74616c5f6974656d73223b643a31303b733a33323a226334636134323338613062393233383230646363353039613666373538343962223b613a31333a7b733a323a226964223b733a313a2231223b733a333a22717479223b643a31303b733a363a2273617475616e223b733a313a2231223b733a31313a2273617475616e5f74657874223b733a333a22506373223b733a31303a2273617475616e5f717479223b733a323a223130223b733a353a227072696365223b643a39383030303b733a343a226e616d65223b733a373a224163652d4f6e65223b733a31323a2270726f647563745f74797065223b733a313a2231223b733a31343a2270726f647563745f776569676874223b733a343a2231303030223b733a31323a22746f74616c5f776569676874223b693a31303030303b733a373a226b646368617274223b733a31353a224b4955383632383032323530303034223b733a353a22726f776964223b733a33323a226334636134323338613062393233383230646363353039613666373538343962223b733a383a22737562746f74616c223b643a3938303030303b7d7d6f726465725f7175616e746974797c613a313a7b693a313b613a353a7b733a333a22717479223b643a31303b733a363a2273617475616e223b733a313a2231223b733a31313a2273617475616e5f74657874223b733a333a22506373223b733a31303a2273617475616e5f717479223b733a323a223130223b733a353a227072696365223b643a39383030303b7d7d746f74616c5f70726963657c643a3938303030303b),
('nkuunu2bqo8ficnfr3manq90ubg01qhe', '::1', 1740732842, 0x5f5f63695f6c6173745f726567656e65726174657c693a313734303733323834323b7265646972656374696f6e7c4e3b757365725f69647c733a323a223836223b73616c65736d616e5f69647c733a323a223539223b757365725f6c6576656c7c733a313a2232223b6f726465725f7175616e746974795f6d756c74697c613a313a7b693a313b613a313a7b693a313b613a353a7b733a333a22717479223b643a31303b733a363a2273617475616e223b733a313a2231223b733a31313a2273617475616e5f74657874223b733a333a22506373223b733a31303a2273617475616e5f717479223b733a323a223130223b733a353a227072696365223b643a39383030303b7d7d7d746f74616c5f70726963655f6d756c74697c613a333a7b693a313b643a39383030303b693a323b693a303b693a333b693a303b7d5f5f4143544956455f53455353494f4e5f444154417c733a3334343a223065346564663039346332323035646338623637313534663337656333616634306237393633663162323931653430653432383834356635393739386265633363316430656632653634346634386632363061303231376265336335336432316164653462366138303032666331386164363131626535636563343366396638427632503277764c6d3076553362435334366232452b6f6231726d4f336c6b484974516457794b6f414333496c6d7247324e4d324a66414e382f5233484c526d524e4463467770787045554f30592b786f4d7833766147644f686851516c314353474c38555a5a4176523741576b374577714e5553776878394b2b61364e2f535977654f77512f72733141754132446a44594e424d4d316d48327477724741492b6a655972436377564a376d493447783873515474466b50304332746b6b5064326e564d7831506f496367316c6b39362b76676a66413d3d223b),
('e45clpboq4gfqln15eisnu5a3tarur1t', '::1', 1740732893, 0x5f5f63695f6c6173745f726567656e65726174657c693a313734303733323831363b5f5f4143544956455f53455353494f4e5f444154417c733a3238303a223462633930393335353133373638333931333033643531623233343961383039333162643535626430366665333266353936633239383731663266633634633636393830633134313837373537393662363835333362663630653062383734656230626230333133343265666331323333343735303836303230326366346463697a316a6f4b564c65643347494d6b58797266763963397177376d76414537426f44494d524e777935344b772b4956634a625676532b3272692b6f414f4d754f437474617035627254347665466467346c464d52685437367245713670685a6f6d31644874327144304e3762416f516544504348386f5138472b792b4d506f43636661786c33386e464f54435162547163324f6f68513d3d223b),
('nhrnu27o6huhktvufk83vle9edlrvt48', '::1', 1740732848, 0x5f5f63695f6c6173745f726567656e65726174657c693a313734303733323834323b7265646972656374696f6e7c4e3b757365725f69647c733a323a223836223b73616c65736d616e5f69647c733a323a223539223b757365725f6c6576656c7c733a313a2232223b6f726465725f7175616e746974795f6d756c74697c613a313a7b693a313b613a313a7b693a313b613a353a7b733a333a22717479223b643a31303b733a363a2273617475616e223b733a313a2231223b733a31313a2273617475616e5f74657874223b733a333a22506373223b733a31303a2273617475616e5f717479223b733a323a223130223b733a353a227072696365223b643a39383030303b7d7d7d746f74616c5f70726963655f6d756c74697c613a333a7b693a313b643a39383030303b693a323b693a303b693a333b693a303b7d5f5f4143544956455f53455353494f4e5f444154417c733a3334343a223065346564663039346332323035646338623637313534663337656333616634306237393633663162323931653430653432383834356635393739386265633363316430656632653634346634386632363061303231376265336335336432316164653462366138303032666331386164363131626535636563343366396638427632503277764c6d3076553362435334366232452b6f6231726d4f336c6b484974516457794b6f414333496c6d7247324e4d324a66414e382f5233484c526d524e4463467770787045554f30592b786f4d7833766147644f686851516c314353474c38555a5a4176523741576b374577714e5553776878394b2b61364e2f535977654f77512f72733141754132446a44594e424d4d316d48327477724741492b6a655972436377564a376d493447783873515474466b50304332746b6b5064326e564d7831506f496367316c6b39362b76676a66413d3d223b);

-- --------------------------------------------------------

--
-- Struktur dari tabel `contacts`
--

CREATE TABLE `contacts` (
  `id` int(10) NOT NULL,
  `parent_id` int(10) DEFAULT NULL,
  `name` varchar(32) NOT NULL,
  `subject` varchar(128) DEFAULT NULL,
  `email` varchar(64) NOT NULL,
  `message` mediumtext NOT NULL,
  `contact_date` datetime DEFAULT NULL,
  `status` tinyint(1) DEFAULT 1,
  `reply_at` datetime DEFAULT NULL
) ENGINE=InnoDB DEFAULT CHARSET=utf8mb4;

--
-- Dumping data untuk tabel `contacts`
--

INSERT INTO `contacts` (`id`, `parent_id`, `name`, `subject`, `email`, `message`, `contact_date`, `status`, `reply_at`) VALUES
(1, NULL, 'Agung Tri Saputra', 'Pengiriman kok lama?', 'martinms.za@gmail.com', 'pengiriman pesanan saya kok lama ya', '2020-03-29 07:40:13', 2, NULL);

-- --------------------------------------------------------

--
-- Struktur dari tabel `coupons`
--

CREATE TABLE `coupons` (
  `id` bigint(20) NOT NULL,
  `name` varchar(191) NOT NULL,
  `code` varchar(32) NOT NULL,
  `credit` decimal(8,2) NOT NULL,
  `start_date` date NOT NULL,
  `expired_date` date NOT NULL,
  `is_active` tinyint(4) DEFAULT 1
) ENGINE=InnoDB DEFAULT CHARSET=utf8mb4;

--
-- Dumping data untuk tabel `coupons`
--

INSERT INTO `coupons` (`id`, `name`, `code`, `credit`, `start_date`, `expired_date`, `is_active`) VALUES
(4, 'Berbagi Ramadhan', 'RAMADHAN2021', '5000.00', '2021-05-02', '2021-05-09', NULL),
(5, 'WELCOME MAY', 'MAY22', '4000.00', '2022-05-01', '2022-05-31', 1),
(6, 'test1', 'kupon', '100000.00', '2022-06-22', '2022-06-30', 1),
(7, 'Tes Kupon', 'TEST', '999999.99', '2022-10-29', '2022-11-09', 1),
(8, 'kupon baru', 'KUPONTAHUNBARU', '20000.00', '2022-11-03', '2022-11-30', 1),
(9, 'KUPON', 'TAHUNBARU', '12000.00', '2022-11-13', '2022-11-30', 1),
(10, 'HUT RI', '45', '45000.00', '2022-11-17', '2022-11-17', 1);

-- --------------------------------------------------------

--
-- Struktur dari tabel `customers`
--

CREATE TABLE `customers` (
  `id` bigint(20) NOT NULL,
  `user_id` bigint(20) UNSIGNED DEFAULT NULL,
  `nik` varchar(20) NOT NULL,
  `npwp` varchar(20) NOT NULL,
  `name` varchar(191) NOT NULL,
  `phone_number` varchar(32) DEFAULT NULL,
  `province_id` int(11) NOT NULL,
  `kota_id` int(11) NOT NULL,
  `subdistrict_id` int(11) NOT NULL,
  `address` varchar(191) NOT NULL,
  `shop_name` varchar(100) NOT NULL,
  `shop_address` varchar(200) DEFAULT NULL,
  `max_credit` int(11) NOT NULL,
  `level` int(11) NOT NULL,
  `profile_picture` varchar(191) DEFAULT NULL,
  `salesman_id` int(11) NOT NULL,
  `kode_customer` varchar(10) NOT NULL,
  `va_code` int(25) NOT NULL
) ENGINE=InnoDB DEFAULT CHARSET=utf8mb4;

--
-- Dumping data untuk tabel `customers`
--

INSERT INTO `customers` (`id`, `user_id`, `nik`, `npwp`, `name`, `phone_number`, `province_id`, `kota_id`, `subdistrict_id`, `address`, `shop_name`, `shop_address`, `max_credit`, `level`, `profile_picture`, `salesman_id`, `kode_customer`, `va_code`) VALUES
(1, 56, 'nikcwahyu', '123123123123', 'cwahyu', '123123123123', 0, 0, 0, 'alamatcwahyu7', 'tokowahyu7', 'jatimulyo gang ampel no 167', 25000000, 3, NULL, 54, '', 0),
(2, 57, '', '', 'Kurohige', '123123123', 0, 0, 0, 'Impeldawn', '', NULL, 2000000, 1, NULL, 54, '', 0),
(3, 58, '3509200811830003', '21564465651', 'Erix Aqroby', '0982312312', 0, 0, 0, 'jember', 'Kios Sahroni', NULL, 10000000, 2, NULL, 59, '', 0),
(4, 61, '030233432423', '1343432', 'PELANGGAN', '4534542524', 0, 0, 0, 'BALUNG KIDUL', 'SENTOSA MAKMUR', 'PUGER WETAN', 10000000, 2, NULL, 54, '', 0),
(5, 66, '', '', 'test', '081236571723', 0, 0, 0, 'alamat', '', NULL, 0, 1, NULL, 40, '', 0),
(6, 67, '', '', 'Cust', '08643664576', 0, 0, 0, 'Balung', '', NULL, 0, 1, NULL, 40, '', 0),
(7, 68, '', '', 'Mope', '082333555777', 0, 0, 0, 'Jember', 'Jaya selalu', 'Jl sumbersari', 0, 1, 'IMG-20221029-WA0004.jpg', 62, '', 0),
(8, 69, '', '', 'Test2', '086263626', 0, 0, 0, 'Alamat nya', '', NULL, 0, 1, NULL, 40, '', 0),
(9, 70, '', '', 'Sayuri', '08276262727', 0, 0, 0, 'Balung', 'Anugrah', 'Jl puger', 0, 1, 'IMG-20221101-WA00021.jpg', 62, '', 0),
(10, 71, '', '', 'Iwan', '082334567893', 0, 0, 0, 'Jember', '', NULL, 0, 1, NULL, 40, '', 0),
(11, 74, '', '', 'faisal', '085633435633', 0, 0, 0, 'ambulu', '', NULL, 0, 1, NULL, 62, '', 0),
(12, 76, '350912345870003', '10229373', 'RIAN', '08576543456', 0, 0, 0, 'JL.KAHURIPAN 37 SUMBERSARI', 'UD. SEJAHTERA', 'JL SAHARA 14 KALIWINING', 25000000, 2, NULL, 54, '', 0),
(13, 78, '', '', 'akunbaru1', '081208108', 0, 0, 0, 'Jl.Semeru Baru', 'belum ada', 'belum ada ', 0, 1, NULL, 0, '', 0),
(14, 80, '123456', '123123123', 'Custumer Trial', '08123123546', 0, 0, 0, 'Jl.Cutomer Trial 1', 'Toko Trial', 'Jl. Trial Toko', 0, 1, NULL, 59, '', 2147483647),
(15, 81, '123456123456', '132456132456', 'custemer trial', '01230123', 0, 0, 0, 'JL,Toko baru', 'Toko Trial Baru 123', 'JL,Toko baru', 17000000, 3, NULL, 79, '', 0),
(16, 85, '12345678945613654321', '12345678945613654321', 'maulana malik', '082264054784', 0, 160, 0, 'Jl.Semangka 31 A', 'trial umum ', 'Jl.Semangka 31 A', 0, 1, NULL, 59, '', 2147483647),
(17, 86, '123456', '123456', 'diana', '085200000000000', 0, 160, 0, 'patrang', 'dianatoko', 'jember', 1000000, 2, NULL, 59, '', 0),
(18, 87, '123123', '123123', 'cumum1', '681234567489', 0, 1, 0, 'Jember', '-', '-', 0, 1, NULL, 59, '', 0);

-- --------------------------------------------------------

--
-- Struktur dari tabel `customers_bk`
--

CREATE TABLE `customers_bk` (
  `id` bigint(20) NOT NULL,
  `user_id` bigint(20) UNSIGNED DEFAULT NULL,
  `nik` varchar(20) NOT NULL,
  `npwp` varchar(20) NOT NULL,
  `name` varchar(191) NOT NULL,
  `phone_number` varchar(32) DEFAULT NULL,
  `address` varchar(191) NOT NULL,
  `shop_name` varchar(100) NOT NULL,
  `credit` int(11) NOT NULL,
  `max_credit` int(11) NOT NULL,
  `level` int(11) NOT NULL,
  `profile_picture` varchar(191) DEFAULT NULL,
  `salesman_id` int(11) NOT NULL
) ENGINE=InnoDB DEFAULT CHARSET=utf8mb4;

-- --------------------------------------------------------

--
-- Struktur dari tabel `customer_location`
--

CREATE TABLE `customer_location` (
  `id` int(11) NOT NULL,
  `user_id` varchar(7) NOT NULL,
  `provinsi` int(5) NOT NULL,
  `kota` int(5) NOT NULL,
  `sub_kota` int(5) NOT NULL
) ENGINE=InnoDB DEFAULT CHARSET=utf8mb4;

-- --------------------------------------------------------

--
-- Struktur dari tabel `generate_kdchart`
--

CREATE TABLE `generate_kdchart` (
  `id` int(11) NOT NULL,
  `kdchart` varchar(255) NOT NULL,
  `create_at` timestamp NOT NULL DEFAULT current_timestamp() ON UPDATE current_timestamp()
) ENGINE=InnoDB DEFAULT CHARSET=utf8mb4;

--
-- Dumping data untuk tabel `generate_kdchart`
--

INSERT INTO `generate_kdchart` (`id`, `kdchart`, `create_at`) VALUES
(10, 'KIU852802250001', '2025-02-28 06:45:17'),
(11, 'KIU852802250002', '2025-02-28 07:29:42'),
(12, 'KIU852802250003', '2025-02-28 07:42:03');

-- --------------------------------------------------------

--
-- Struktur dari tabel `message`
--

CREATE TABLE `message` (
  `id` int(10) NOT NULL,
  `salesman_id` int(10) DEFAULT NULL,
  `customer_id` int(10) NOT NULL,
  `message` mediumtext NOT NULL,
  `chat_from` int(1) NOT NULL,
  `created_at` datetime DEFAULT NULL,
  `status` tinyint(1) DEFAULT 1,
  `reply_at` datetime DEFAULT NULL
) ENGINE=InnoDB DEFAULT CHARSET=utf8mb4;

--
-- Dumping data untuk tabel `message`
--

INSERT INTO `message` (`id`, `salesman_id`, `customer_id`, `message`, `chat_from`, `created_at`, `status`, `reply_at`) VALUES
(1, 59, 85, 'p', 2, '2025-02-06 12:12:28', 2, NULL);

-- --------------------------------------------------------

--
-- Struktur dari tabel `orders`
--

CREATE TABLE `orders` (
  `id` bigint(20) NOT NULL,
  `user_id` bigint(20) UNSIGNED DEFAULT NULL,
  `coupon_id` bigint(20) DEFAULT NULL,
  `order_number` varchar(16) NOT NULL,
  `kd_faktur` varchar(35) NOT NULL,
  `invoice_number` text NOT NULL,
  `ttb_number` text DEFAULT NULL,
  `order_status` enum('1','2','3','4','5','6','7','8') DEFAULT '1',
  `order_date` datetime NOT NULL,
  `total_price` decimal(12,2) DEFAULT NULL,
  `total_items` int(10) DEFAULT NULL,
  `payment_method` int(11) DEFAULT 1,
  `shipping_method` int(1) NOT NULL,
  `delivery_data` text DEFAULT NULL,
  `delivered_date` datetime DEFAULT NULL,
  `deliver_by` varchar(15) DEFAULT NULL,
  `finish_date` datetime DEFAULT NULL,
  `due_date` date DEFAULT NULL,
  `jenis_pengiriman` text NOT NULL,
  `estimasi_kirim` text NOT NULL,
  `shipping_cost` text DEFAULT '0',
  `insurance` text DEFAULT '0',
  `rating` int(11) DEFAULT NULL,
  `rating_desc` text DEFAULT NULL
) ENGINE=InnoDB DEFAULT CHARSET=utf8mb4;

--
-- Dumping data untuk tabel `orders`
--

INSERT INTO `orders` (`id`, `user_id`, `coupon_id`, `order_number`, `kd_faktur`, `invoice_number`, `ttb_number`, `order_status`, `order_date`, `total_price`, `total_items`, `payment_method`, `shipping_method`, `delivery_data`, `delivered_date`, `deliver_by`, `finish_date`, `due_date`, `jenis_pengiriman`, `estimasi_kirim`, `shipping_cost`, `insurance`, `rating`, `rating_desc`) VALUES
(5, 56, NULL, 'QEL14225156813', 'KIU561402250001', '', NULL, '1', '2025-02-14 14:11:57', '97000.00', 1, 2, 1, '{\"customer\":{\"name\":\"cwahyu\",\"phone_number\":\"123123123123\",\"address\":\"alamatcwahyu7\",\"shop_name\":\"tokowahyu7\",\"shop_address\":\"jatimulyo gang ampel no 167\"},\"note\":\"\"}', NULL, NULL, NULL, '2025-02-14', '89', '0', '0', '0', NULL, NULL),
(6, 85, NULL, 'ADH28225185523', 'KIU852802250001', '', NULL, '6', '2025-02-28 13:45:17', '198000.00', 1, 2, 5, '{\"customer\":{\"name\":\"maulana malik\",\"phone_number\":\"082264054784\",\"address\":\"Jl.Semangka 31 A\",\"shop_name\":\"trial umum \",\"shop_address\":\"Jl.Semangka 31 A\"},\"note\":\"\"}', '2025-02-28 00:00:00', 'K12', '2025-02-28 14:48:58', '2025-02-28', 'JTR', '5-6 Hari', '0', '0', 4, ''),
(7, 85, NULL, 'RKQ28225185074', 'KIU852802250002', '', NULL, '1', '2025-02-28 14:29:42', '20000.00', 1, 2, 5, '{\"customer\":{\"name\":\"maulana malik\",\"phone_number\":\"082264054784\",\"address\":\"Jl.Semangka 31 A\",\"shop_name\":\"trial umum \",\"shop_address\":\"Jl.Semangka 31 A\"},\"note\":\"\"}', NULL, NULL, NULL, '2025-02-28', 'CTC', '2-3 Hari', '6000', '0', NULL, NULL),
(8, 85, NULL, 'FLD28225185891', 'KIU852802250003', '', NULL, '1', '2025-02-28 14:42:03', '1250000.00', 1, 2, 5, '{\"customer\":{\"name\":\"maulana malik\",\"phone_number\":\"082264054784\",\"address\":\"Jl.Semangka 31 A\",\"shop_name\":\"trial umum \",\"shop_address\":\"Jl.Semangka 31 A\"},\"note\":\"\"}', NULL, NULL, NULL, '2025-02-28', 'CTC', '2-3 Hari', '30000', '0', NULL, NULL),
(9, 86, NULL, 'UJE28225186483', 'KIU862802250004', '', NULL, '2', '2025-02-28 15:53:19', '98000.00', 1, 2, 1, '{\"customer\":{\"name\":\"diana\",\"phone_number\":\"085200000000000\",\"address\":\"patrang\",\"shop_name\":\"dianatoko\",\"shop_address\":\"jember\"},\"note\":\"\"}', NULL, NULL, NULL, '2025-02-28', '89', '0', '', '0', NULL, NULL);

-- --------------------------------------------------------

--
-- Struktur dari tabel `orders_bk`
--

CREATE TABLE `orders_bk` (
  `id` bigint(20) NOT NULL,
  `user_id` bigint(20) UNSIGNED DEFAULT NULL,
  `coupon_id` bigint(20) DEFAULT NULL,
  `order_number` varchar(16) NOT NULL,
  `invoice_number` text NOT NULL,
  `ttb_number` text DEFAULT NULL,
  `order_status` enum('1','2','3','4','5','6','7','8') DEFAULT '1',
  `order_date` datetime NOT NULL,
  `total_price` decimal(12,2) DEFAULT NULL,
  `total_items` int(10) DEFAULT NULL,
  `payment_method` int(11) DEFAULT 1,
  `shipping_method` int(1) NOT NULL,
  `delivery_data` text DEFAULT NULL,
  `delivered_date` datetime DEFAULT NULL,
  `deliver_by` varchar(15) DEFAULT NULL,
  `finish_date` datetime DEFAULT NULL,
  `due_date` date DEFAULT NULL,
  `shipping_cost` text DEFAULT '0',
  `insurance` text DEFAULT '0',
  `rating` int(11) DEFAULT NULL,
  `rating_desc` text DEFAULT NULL
) ENGINE=InnoDB DEFAULT CHARSET=utf8mb4;

-- --------------------------------------------------------

--
-- Struktur dari tabel `order_items`
--

CREATE TABLE `order_items` (
  `id` bigint(20) NOT NULL,
  `order_id` bigint(20) DEFAULT NULL,
  `product_id` bigint(20) DEFAULT NULL,
  `order_qty` int(10) NOT NULL,
  `order_price` decimal(10,2) DEFAULT NULL,
  `satuan` int(11) NOT NULL,
  `satuan_text` text NOT NULL,
  `satuan_qty` int(11) NOT NULL
) ENGINE=InnoDB DEFAULT CHARSET=utf8mb4;

--
-- Dumping data untuk tabel `order_items`
--

INSERT INTO `order_items` (`id`, `order_id`, `product_id`, `order_qty`, `order_price`, `satuan`, `satuan_text`, `satuan_qty`) VALUES
(8, 5, 1, 1, '97000.00', 1, 'Pcs', 10),
(9, 6, 1, 2, '99000.00', 1, 'Pcs', 10),
(10, 7, 8, 1, '20000.00', 1, 'Pcs', 10),
(11, 8, 9, 5, '250000.00', 2, 'Box', 10),
(12, 9, 1, 10, '98000.00', 1, 'Pcs', 10);

-- --------------------------------------------------------

--
-- Struktur dari tabel `order_items_bk`
--

CREATE TABLE `order_items_bk` (
  `id` bigint(20) NOT NULL,
  `order_id` bigint(20) DEFAULT NULL,
  `product_id` bigint(20) DEFAULT NULL,
  `order_qty` int(10) NOT NULL,
  `order_price` decimal(8,2) DEFAULT NULL,
  `satuan` int(11) NOT NULL,
  `satuan_text` text NOT NULL,
  `satuan_qty` int(11) NOT NULL
) ENGINE=InnoDB DEFAULT CHARSET=utf8mb4;

-- --------------------------------------------------------

--
-- Struktur dari tabel `payments`
--

CREATE TABLE `payments` (
  `id` bigint(20) NOT NULL,
  `order_id` bigint(20) DEFAULT NULL,
  `payment_price` decimal(11,2) DEFAULT NULL,
  `payment_date` datetime NOT NULL,
  `picture_name` varchar(191) DEFAULT NULL,
  `payment_status` enum('1','2','3') DEFAULT '1',
  `confirmed_date` datetime DEFAULT NULL,
  `payment_data` text DEFAULT NULL
) ENGINE=InnoDB DEFAULT CHARSET=utf8mb4;

--
-- Dumping data untuk tabel `payments`
--

INSERT INTO `payments` (`id`, `order_id`, `payment_price`, `payment_date`, `picture_name`, `payment_status`, `confirmed_date`, `payment_data`) VALUES
(3, 6, '198000.00', '2025-02-28 14:47:59', '-', '2', NULL, '{\"transfer_to\":\"bank-bca\",\"source\":{\"bank\":\"VA-BRI\",\"name\":\"maulana malik\",\"number\":\"012345\"}}');

-- --------------------------------------------------------

--
-- Struktur dari tabel `piutang`
--

CREATE TABLE `piutang` (
  `id` int(11) NOT NULL,
  `no_faktur` text NOT NULL,
  `name` text NOT NULL,
  `address` text NOT NULL,
  `payment_price` int(11) NOT NULL,
  `pay` int(11) NOT NULL DEFAULT 0,
  `payment_date` date NOT NULL,
  `payment_status` int(11) NOT NULL,
  `confirm_date` date DEFAULT NULL
) ENGINE=MyISAM DEFAULT CHARSET=latin1;

-- --------------------------------------------------------

--
-- Struktur dari tabel `products`
--

CREATE TABLE `products` (
  `id` bigint(20) NOT NULL,
  `category_id` int(10) DEFAULT NULL,
  `sku` varchar(32) DEFAULT NULL,
  `name` varchar(191) NOT NULL,
  `description` varchar(191) DEFAULT NULL,
  `picture_name` varchar(191) DEFAULT NULL,
  `price` int(11) NOT NULL,
  `price_2` int(11) NOT NULL,
  `price_3` int(11) NOT NULL,
  `stock` int(10) NOT NULL,
  `current_discount` double NOT NULL,
  `product_unit` varchar(32) DEFAULT NULL,
  `product_unit_1` varchar(25) NOT NULL,
  `product_unit_2` varchar(25) NOT NULL,
  `product_unit_value` text NOT NULL,
  `product_type` varchar(25) NOT NULL,
  `product_unit_weight` int(25) NOT NULL,
  `is_available` tinyint(1) DEFAULT 1,
  `add_date` datetime DEFAULT NULL,
  `user_level` int(11) NOT NULL
) ENGINE=InnoDB DEFAULT CHARSET=utf8mb4;

--
-- Dumping data untuk tabel `products`
--

INSERT INTO `products` (`id`, `category_id`, `sku`, `name`, `description`, `picture_name`, `price`, `price_2`, `price_3`, `stock`, `current_discount`, `product_unit`, `product_unit_1`, `product_unit_2`, `product_unit_value`, `product_type`, `product_unit_weight`, `is_available`, `add_date`, `user_level`) VALUES
(1, 2, 'SB750372', 'Ace-One', 'NULL', 'ace_one_99000.jpg', 99000, 98000, 97000, 50, 0, 'Pcs', 'Pcs', 'Box', '10', '1', 1000, 1, '0000-00-00 00:00:00', 0),
(2, 2, 'BS350420', 'Akalis 500 SC', 'NULL', 'akalis_500sc_268500.jpg', 0, 268500, 228500, 10, 0, 'Pcs', 'Pcs', 'Box', '10', '1', 1000, 1, '0000-00-00 00:00:00', 0),
(4, 2, 'TS120790', 'Sinergy 300 EC', 'NULL', 'sinergy300ec_155000.jpg', 0, 120000, 155000, 20, 0, 'Botol', 'Pcs', 'Box', '10', '1', 1000, 1, '0000-00-00 00:00:00', 0),
(5, 2, 'WS120811', 'Cornbelt 336 SC', 'NULL', 'cornbelt_336_sc_290000.jpg', 0, 0, 290000, 20, 0, 'Pcs', 'Pcs', 'Box', '10', '1', 1000, 1, '0000-00-00 00:00:00', 0),
(8, 2, 'PS220885', 'Baltiko', 'NULL', 'ace_one_99000.jpg', 20000, 19000, 17500, 20, 0, 'Pcs', 'Pcs', 'Box', '10', '1', 1000, 1, '0000-00-00 00:00:00', 0),
(9, 2, 'AB450163', 'Topida 25 WP', 'NULL', 'ace_one_99000.jpg', 25000, 0, 0, 50, 0, 'Pcs', 'Pcs', 'Box', '10', '1', 1000, 1, '0000-00-00 00:00:00', 0),
(10, 2, 'BMS120283', 'Paskal 50 WP', 'NULL', 'paskal_50wp_23000.jpg', 23000, 0, 0, 20, 0, 'Pcs', 'Pcs', 'Box', '10', '1', 1000, 1, '0000-00-00 00:00:00', 0),
(11, 2, 'URS13301', 'Biosoft 500ml', 'NULL', 'Biosoft_-_500ml_101500.jpg', 0, 0, 101500, 300, 0, 'Botol', 'Pcs', 'Box', '10', '1', 1000, 1, '0000-00-00 00:00:00', 0),
(12, 2, 'BPS15347', 'Nostro 440 EC - 500ml (FUNGISIDA)', 'NULL', 'Nostro_440_EC_-_500ml_(FUNGISIDA)_100000.jpg', 0, 110000, 100000, 51, 0, 'Botol', 'Pcs', 'Box', '10', '1', 1000, 1, '0000-00-00 00:00:00', 0),
(13, 2, 'KPS223370', 'Hexacar 100 SC - 250ml (FUNGISIDA)', 'NULL', 'Hexacar_100_SC_-_250ml_(FUNGISIDA)_50000.jpg', 0, 55000, 50000, 23, 0, 'Botol', 'Pcs', 'Box', '10', '1', 1000, 1, '0000-00-00 00:00:00', 0),
(14, 2, 'CMS410424', 'BM Ematez 19 EC - 100ml (INSEKTISIDA)', 'NULL', 'BM_Ematez_19_EC_-_100ml_(INSEKTISIDA)_45000.jpg', 0, 0, 45000, 10, 0, 'Botol', 'Pcs', 'Box', '10', '1', 1000, 1, '0000-00-00 00:00:00', 0),
(15, 2, 'B5MP8100547', 'Blast 500 ML', 'NULL', '1820703_e3c79fa6-7398-41d6-a8ce-ee27b694d3e9.jpg', 0, 0, 80000, 100, 0, 'botol', 'Pcs', 'Box', '10', '1', 1000, 1, '0000-00-00 00:00:00', 0),
(18, 1, 'QMK35GP1805', 'Qiuvita merah K 32 500 gram', '', 'NULL', 16500, 0, 0, 1000, 0, 'pack', 'Pcs', 'Box', '10', '1', 1000, 1, '0000-00-00 00:00:00', 0),
(19, 1, 'FF111000791', 'FUNGISIDA', 'NULL', 'gambar_otak.png', 13000, 11000, 10000, 50, 0, 'BOX', 'Pcs', 'Box', '10', '1', 1000, 1, '0000-00-00 00:00:00', 0),
(20, 9, 'OII112500872', 'OBAT ISEKTIDA', 'NULL', 'abstrak.jpeg', 15000, 12500, 11000, 99, 0, 'BOX', 'Pcs', 'Box', '10', '1', 1000, 1, '0000-00-00 00:00:00', 0);

-- --------------------------------------------------------

--
-- Struktur dari tabel `product_category`
--

CREATE TABLE `product_category` (
  `id` int(10) NOT NULL,
  `name` varchar(191) NOT NULL
) ENGINE=InnoDB DEFAULT CHARSET=utf8mb4;

--
-- Dumping data untuk tabel `product_category`
--

INSERT INTO `product_category` (`id`, `name`) VALUES
(1, 'Fungisida'),
(2, 'Herbisida'),
(9, 'Insektisida'),
(10, 'Obat-obat'),
(12, 'Sarana Pertanian'),
(13, 'Lain Lain'),
(14, 'benih'),
(15, 'ALAT PERTANIAN');

-- --------------------------------------------------------

--
-- Struktur dari tabel `promo`
--

CREATE TABLE `promo` (
  `id` bigint(20) NOT NULL,
  `product_id` int(11) NOT NULL,
  `credit` decimal(8,2) NOT NULL,
  `start_date` date NOT NULL,
  `expired_date` date NOT NULL,
  `is_active` tinyint(4) DEFAULT 1
) ENGINE=InnoDB DEFAULT CHARSET=utf8mb4;

--
-- Dumping data untuk tabel `promo`
--

INSERT INTO `promo` (`id`, `product_id`, `credit`, `start_date`, `expired_date`, `is_active`) VALUES
(1, 1, '9000.00', '2022-10-04', '2022-11-25', 1),
(2, 2, '8500.00', '2022-10-04', '2022-12-16', 1),
(3, 4, '8000.00', '2022-11-09', '2022-11-16', 1),
(4, 10, '2500.00', '2022-11-10', '2022-11-24', 1),
(5, 10, '2500.00', '2022-11-10', '2022-11-24', 1);

-- --------------------------------------------------------

--
-- Struktur dari tabel `reviews`
--

CREATE TABLE `reviews` (
  `id` bigint(20) NOT NULL,
  `user_id` bigint(20) UNSIGNED DEFAULT NULL,
  `order_id` bigint(20) DEFAULT NULL,
  `title` varchar(191) DEFAULT NULL,
  `review_text` mediumtext NOT NULL,
  `review_date` datetime NOT NULL,
  `status` tinyint(1) NOT NULL DEFAULT 1
) ENGINE=InnoDB DEFAULT CHARSET=utf8mb4;

-- --------------------------------------------------------

--
-- Struktur dari tabel `settings`
--

CREATE TABLE `settings` (
  `id` int(10) NOT NULL,
  `key` varchar(32) NOT NULL,
  `content` text NOT NULL
) ENGINE=InnoDB DEFAULT CHARSET=utf8mb4;

--
-- Dumping data untuk tabel `settings`
--

INSERT INTO `settings` (`id`, `key`, `content`) VALUES
(1, 'current_theme_name', 'fastkart'),
(2, 'store_name', 'KIU STORE'),
(3, 'store_phone_number', '08111111111111'),
(4, 'store_email', 'kiu@gmail.com'),
(5, 'store_tagline', 'Official Store PT. Karisma Indoagro Universal'),
(6, 'store_logo', 'Logo.png'),
(7, 'max_product_image_size', '20000'),
(8, 'store_description', 'Belanja mudah hanya di KIU STORE'),
(9, 'store_address', 'Jl. Semeru 89 Ajung  Jember 68175'),
(10, 'min_shop_to_free_shipping_cost', '20000'),
(11, 'shipping_cost', '3000'),
(12, 'payment_banks', '{\"bank-bca\":{\"bank\":\"BANK BCA\",\"number\":\"20348483\",\"name\":\"PT. KARISMA INDOAGRO UNIVERSAL\"},\"bank-mandiri\":{\"bank\":\"BANK MANDIRI\",\"number\":\"10034453\",\"name\":\"PT. KARISMA INDOAGRO UNIVERSAL\"},\"bank-bri\":{\"bank\":\"BANK BRI\",\"number\":\"310337234005700\",\"name\":\"PT. KARISMA INDOAGRO UNIVERSAL\"}}');

-- --------------------------------------------------------

--
-- Struktur dari tabel `tbtestongkir`
--

CREATE TABLE `tbtestongkir` (
  `id` int(11) NOT NULL,
  `jsongkir` varchar(255) NOT NULL,
  `kd_faktur` varchar(25) NOT NULL,
  `sjasa` varchar(255) NOT NULL,
  `idcustomer` varchar(255) NOT NULL,
  `status` int(2) NOT NULL,
  `create_at` text NOT NULL
) ENGINE=InnoDB DEFAULT CHARSET=utf8mb4;

--
-- Dumping data untuk tabel `tbtestongkir`
--

INSERT INTO `tbtestongkir` (`id`, `jsongkir`, `kd_faktur`, `sjasa`, `idcustomer`, `status`, `create_at`) VALUES
(6, 'CTC;2-3;6000', 'KIU852802250002', 'jne', '85', 3, '2025-02-28'),
(7, 'CTC;2-3;6000', 'KIU852802250002', 'jne', '85', 3, '2025-02-28'),
(8, 'CTC;2-3;30000', 'KIU852802250003', 'jne', '85', 1, '2025-02-28');

-- --------------------------------------------------------

--
-- Struktur dari tabel `tmp_cart`
--

CREATE TABLE `tmp_cart` (
  `id` int(11) NOT NULL,
  `kdchart` varchar(255) NOT NULL,
  `idbarang` int(11) NOT NULL,
  `idcustomer` int(11) NOT NULL,
  `qty` int(11) NOT NULL,
  `satuan` int(11) NOT NULL,
  `satuan_text` varchar(191) NOT NULL,
  `satuan_qty` int(11) NOT NULL,
  `price` int(11) NOT NULL,
  `name` text NOT NULL,
  `product_type` varchar(25) NOT NULL,
  `product_weight` int(11) NOT NULL,
  `total_weight` int(25) NOT NULL,
  `sts_ongkir` int(2) NOT NULL,
  `create_at` text NOT NULL,
  `last_action` timestamp NOT NULL DEFAULT current_timestamp() ON UPDATE current_timestamp()
) ENGINE=InnoDB DEFAULT CHARSET=utf8mb4;

--
-- Dumping data untuk tabel `tmp_cart`
--

INSERT INTO `tmp_cart` (`id`, `kdchart`, `idbarang`, `idcustomer`, `qty`, `satuan`, `satuan_text`, `satuan_qty`, `price`, `name`, `product_type`, `product_weight`, `total_weight`, `sts_ongkir`, `create_at`, `last_action`) VALUES
(26, 'KIU862802250004', 1, 86, 10, 1, 'Pcs', 10, 98000, 'Ace-One', '1', 1000, 10000, 0, '2025-02-28', '2025-02-28 07:54:25');

-- --------------------------------------------------------

--
-- Struktur dari tabel `users`
--

CREATE TABLE `users` (
  `id` bigint(20) UNSIGNED NOT NULL,
  `name` varchar(50) COLLATE utf8mb4_unicode_ci DEFAULT NULL,
  `email` varchar(191) COLLATE utf8mb4_unicode_ci NOT NULL,
  `email_verified_at` timestamp NULL DEFAULT NULL,
  `password` varchar(191) COLLATE utf8mb4_unicode_ci NOT NULL,
  `profile_picture` varchar(128) COLLATE utf8mb4_unicode_ci DEFAULT NULL,
  `role` varchar(32) COLLATE utf8mb4_unicode_ci DEFAULT '0' COMMENT '1 = admin, 2 = customer',
  `register_date` datetime DEFAULT NULL,
  `status` int(11) NOT NULL DEFAULT 0
) ENGINE=InnoDB DEFAULT CHARSET=utf8mb4 COLLATE=utf8mb4_unicode_ci;

--
-- Dumping data untuk tabel `users`
--

INSERT INTO `users` (`id`, `name`, `email`, `email_verified_at`, `password`, `profile_picture`, `role`, `register_date`, `status`) VALUES
(1, 'Admin', 'admin@gmail.com', NULL, '$2y$10$Brm3RNWFKvZ1e0ej1vBz9.QbFMW21q0l/iDSt5aDOoGj9zlLFuxh6', 'agung1.png', 'admin', NULL, 1),
(54, 'swahyu', 'swahyu@gmail.com', NULL, '$2y$10$Yl0H.az2oYdN8JsXgUagCeQBqxf1WIUphyd9y8AE/R6HzsNJfPuf2', NULL, 'salesman', '2022-09-22 17:35:28', 1),
(55, 'dwahyu', 'dwahyu@gmail.com', NULL, '$2y$10$64mC/JHkEyBfhymqU4b5b.oJyh3H46Xdsr6gPlKfUWLKs1s1cFU.q', NULL, 'distribusi', '2022-09-22 17:35:57', 1),
(56, NULL, 'cwahyu@gmail.com', NULL, '$2y$10$NW0poORtQS34wLh.I2knS.bbbWzSVlk71BzcCByVEfuTJoiPp5PBa', NULL, 'customer', '2022-09-22 17:37:38', 1),
(57, NULL, 'qwert@gmail.com', NULL, '$2y$10$rd4I82jFfR1aqfLarLysVuORCEFdjBUj47sJkudn6cR54KcCnAg/y', NULL, 'customer', '2022-09-22 19:38:29', 1),
(58, NULL, 'aqrobye@gmail.com', NULL, '$2y$10$7C7q54ZUl241VcEKrkK/HOhkuQt.nWhmKBasc2HIUoyFC0fV5D64G', NULL, 'customer', '2022-09-23 04:27:56', 1),
(59, 'Admin Penjualan', 'penjualan@gmail.com', NULL, '$2y$10$oXf2VHVBbngML9Pl4WevyORyeMQNKzQ.zLBfk/NfzU.mwpSh6MWZ6', NULL, 'salesman', '2022-09-23 04:29:41', 1),
(61, NULL, 'pelanggan@gmail.com', NULL, '$2y$10$o.hUZ.KztVzCfozdyNR1YeVMR7uF3qIJbxU2zka69YAMWnG9JGhJ6', NULL, 'customer', '2022-10-10 12:38:19', 1),
(62, 'Admin Online', 'adminonline@gmail.com', NULL, '$2y$10$Piw9jb8Sd.SVUh2SL4PRJuFD5aJ3bSDOHxy78I/dAPUeJ9GBtR6QW', NULL, 'adminonline', '2022-10-26 20:29:19', 1),
(63, 'Keuangan', 'keuangan@gmail.com', NULL, '$2y$10$YhoKD4bwf8eW9fSKKtmluujAswZtex5M/xS07wIw4W/t2WdglqMtW', NULL, 'keuangan', '2022-10-26 22:19:19', 1),
(64, NULL, 'mope@gmail.com', NULL, '$2y$10$P5pGf88j.SsFbeQ.nQ9ti.JbiPmjJ5AsIkef3AEPp6v5eYGS7eD2C', NULL, 'customer', '2022-11-01 18:02:05', 0),
(65, NULL, 'supri@gmail.com', NULL, '$2y$10$0ymggK6QZQz4x2lmyVDS5.GV7KP00cYltrW5zn4Ov98wUC9mzl6Jm', NULL, 'customer', '2022-11-01 18:06:31', 0),
(66, NULL, 'test@gmail.com', NULL, '$2y$10$yVuLQt7ILIsU.6uxpYH1DecAB/tA5q6DhcOhlHTw4MTvXQCXyucx.', NULL, 'customer', '2022-11-01 19:31:00', 1),
(67, NULL, 'customer@gmail.com', NULL, '$2y$10$6Vwyy0LXRcLxA8UZdeDRMuQiuG3XYOwRnBpshwREc90vkEcMebYTm', NULL, 'customer', '2022-11-01 19:36:22', 0),
(68, NULL, 'gusti.mope819@gmail.com', NULL, '$2y$10$iBC6YDMnusxQSm5RO2MtE.hfibYR3bwpwxhfDbuOxyQ2o7NBW3Nwq', NULL, 'customer', '2022-11-01 19:36:53', 1),
(69, NULL, 'emailnya@gmail.com', NULL, '$2y$10$nG1//i4cJnT9vwVKC94/6OHCypEiBkG6Byg6hoHTnZKUtnfERBcoG', NULL, 'customer', '2022-11-01 19:38:13', 0),
(70, NULL, 'sayuri@gmail.com', NULL, '$2y$10$7PerRcfHb5QJD4xNO9KwqOMC2V2RUp/rytpe3tBgplHbTWZBslYe6', NULL, 'customer', '2022-11-01 19:39:10', 1),
(71, NULL, 'iwan@gmail.com', NULL, '$2y$10$NLey.oZELOsmX.8K5uEBzuydLCMhfmONouP1AvhXuyfOF4bLWZwWe', NULL, 'customer', '2022-11-01 19:39:51', 0),
(72, 'Kadep', 'kadep@gmail.com', NULL, '$2y$10$Brm3RNWFKvZ1e0ej1vBz9.QbFMW21q0l/iDSt5aDOoGj9zlLFuxh6', NULL, 'kadep', '2022-11-02 11:56:19', 1),
(73, 'Kadep 1', 'kadep1@gmail.com', NULL, '$2y$10$8OhbMGn21ZMLHqj1ilLjKeQzMBsvciI7qNXFftJHtf4e8RSwIk99.', NULL, 'kadep', '2022-11-03 09:37:40', 1),
(74, NULL, 'faisal@gmail.com', NULL, '$2y$10$y9dKpR6lsu6FbyX5/sJY9.SB2Al9a7Pi9LpnN5jq18K.uxRskevi.', NULL, 'customer', '2022-11-03 10:02:40', 0),
(75, NULL, 'arif@gmail.com', NULL, '$2y$10$sDRmrH6uGpYWnoh4TYYabe33M11zkAyiPPTdmx0OMM.q81PcZkSSa', NULL, 'customer', '2022-11-09 20:21:01', 1),
(76, NULL, 'rian@gmail.com', NULL, '$2y$10$6nTIg8LQ/fr4zyrz/lA1NOrgXa1jpnZGoVEczfwvpNyfsj3Jg1nqq', NULL, 'customer', '2022-11-10 20:15:52', 1),
(77, 'ALIF', 'alif@gmail.com', NULL, '$2y$10$ADfDKeO8ZrPLWXFFSx3dgevM1woD4Uv9jADCDpwXygW29//jLS1NS', NULL, 'keuangan', '2022-11-10 20:17:18', 1),
(78, NULL, 'akunbaru1@gmail.com', NULL, '$2y$10$mB.ICCiM3nnYAYLuoCxdj.27KJ4ShiEr.qsxmCwdDYr6F5Vj5vH0i', NULL, 'customer', '2022-11-28 10:42:17', 1),
(79, 'Sales Trial', 'sales@gmail.com', NULL, '$2y$10$IRZLM8vlw9yvDnBO8R96We1pswHQCnTRATn/i1yFSBDY7wP82ipVu', NULL, 'salesman', '2022-11-30 13:18:01', 1),
(80, NULL, 'custrial@gmail.com', NULL, '$2y$10$o2rPkdmMxXRzjEmhddDun.zGKicsVNmVEl9cjX3u1kI57B47v8ZBS', NULL, 'customer', '2022-11-30 13:20:23', 1),
(81, NULL, 'customer2@gmail.com', NULL, '$2y$10$xXQXksNLB8SERgEnjDHnQur9gXHaijVS4usUdgKPW2MkNHr4DwxRW', NULL, 'customer', '2022-11-30 13:36:45', 1),
(85, NULL, 'cumum@gmail.com', NULL, '$2y$10$JdC3psY/Y1wrRdRedKykP.Y1FYMYcoQ66ZCOw2fYl8RhI2NTfm2hy', NULL, 'customer', '2024-10-07 21:46:12', 1),
(86, NULL, 'diana_w@gmail.com', NULL, '$2y$10$Rqr2B94rDR/e61fg8Uq45eS85sp7DJjRla43uiSqkLSJDQoTYfYma', NULL, 'customer', '2025-02-28 13:04:24', 1),
(87, NULL, 'cumum1@gmail.com', NULL, '$2y$10$YdLJCYIlC5wFJX6zhBT5yO7OdiWGUFYkHCoaxR003w61K4MRIlXD2', NULL, 'customer', '2025-02-28 14:51:17', 1);

-- --------------------------------------------------------

--
-- Struktur dari tabel `users_bk`
--

CREATE TABLE `users_bk` (
  `id` bigint(20) UNSIGNED NOT NULL,
  `name` varchar(50) COLLATE utf8mb4_unicode_ci DEFAULT NULL,
  `email` varchar(191) COLLATE utf8mb4_unicode_ci NOT NULL,
  `email_verified_at` timestamp NULL DEFAULT NULL,
  `username` varchar(16) COLLATE utf8mb4_unicode_ci NOT NULL,
  `password` varchar(191) COLLATE utf8mb4_unicode_ci NOT NULL,
  `profile_picture` varchar(128) COLLATE utf8mb4_unicode_ci DEFAULT NULL,
  `role` varchar(32) COLLATE utf8mb4_unicode_ci DEFAULT '0' COMMENT '1 = admin, 2 = customer',
  `register_date` datetime DEFAULT NULL
) ENGINE=InnoDB DEFAULT CHARSET=utf8mb4 COLLATE=utf8mb4_unicode_ci;

--
-- Dumping data untuk tabel `users_bk`
--

INSERT INTO `users_bk` (`id`, `name`, `email`, `email_verified_at`, `username`, `password`, `profile_picture`, `role`, `register_date`) VALUES
(1, 'Admiistrator', 'admin@local.test', NULL, 'admin', '$2y$10$Brm3RNWFKvZ1e0ej1vBz9.QbFMW21q0l/iDSt5aDOoGj9zlLFuxh6', 'agung1.png', 'admin', NULL),
(7, 'Customer ', 'customer@local.test', NULL, 'customer', '$2y$10$6C/A5Yy1gt4yhStWDWN1M.isBaznzDc.MZJdIj7UddW3.qIX5vDvK', NULL, 'customer', '2020-03-29 08:14:30'),
(8, NULL, 'martinms.za@gmail.com', NULL, 'test', '$2y$10$gj4QxFnTj0dlpwJvT4aJiOM5UW6uCt7MdafC6VrnqsKDi0/JKmsLS', NULL, 'customer', '2021-05-07 10:25:08'),
(1, 'Admiistrator', 'admin@local.test', NULL, 'admin', '$2y$10$Brm3RNWFKvZ1e0ej1vBz9.QbFMW21q0l/iDSt5aDOoGj9zlLFuxh6', 'agung1.png', 'admin', NULL),
(7, 'Customer ', 'customer@local.test', NULL, 'customer', '$2y$10$6C/A5Yy1gt4yhStWDWN1M.isBaznzDc.MZJdIj7UddW3.qIX5vDvK', NULL, 'customer', '2020-03-29 08:14:30'),
(8, NULL, 'martinms.za@gmail.com', NULL, 'test', '$2y$10$gj4QxFnTj0dlpwJvT4aJiOM5UW6uCt7MdafC6VrnqsKDi0/JKmsLS', NULL, 'customer', '2021-05-07 10:25:08');

-- --------------------------------------------------------

--
-- Stand-in struktur untuk tampilan `v_products`
-- (Lihat di bawah untuk tampilan aktual)
--
CREATE TABLE `v_products` (
`id` bigint(20)
,`category_id` int(10)
,`sku` varchar(32)
,`name` varchar(191)
,`description` varchar(191)
,`picture_name` varchar(191)
,`product_unit_value` text
,`product_unit_1` varchar(25)
,`product_unit_2` varchar(25)
,`product_type` varchar(25)
,`product_unit_weight` int(25)
,`promo` int(1)
,`price` int(11)
,`price_2` int(11)
,`price_3` int(11)
,`promo_price` decimal(13,2)
,`promo_price_2` decimal(13,2)
,`promo_price_3` decimal(13,2)
,`discount` decimal(10,0)
,`discount_2` decimal(10,0)
,`discount_3` decimal(10,0)
,`stock` int(10)
,`product_unit` varchar(25)
,`is_available` tinyint(1)
,`add_date` datetime
,`level_product` varchar(5)
);

-- --------------------------------------------------------

--
-- Stand-in struktur untuk tampilan `v_tagihan`
-- (Lihat di bawah untuk tampilan aktual)
--
CREATE TABLE `v_tagihan` (
`user_id` bigint(20) unsigned
,`tagihan` double
,`max_credit` int(11)
);

-- --------------------------------------------------------

--
-- Struktur untuk view `v_products`
--
DROP TABLE IF EXISTS `v_products`;

CREATE ALGORITHM=UNDEFINED DEFINER=`root`@`localhost` SQL SECURITY DEFINER VIEW `v_products`  AS SELECT `a`.`id` AS `id`, `a`.`category_id` AS `category_id`, `a`.`sku` AS `sku`, `a`.`name` AS `name`, `a`.`description` AS `description`, `a`.`picture_name` AS `picture_name`, `a`.`product_unit_value` AS `product_unit_value`, `a`.`product_unit_1` AS `product_unit_1`, `a`.`product_unit_2` AS `product_unit_2`, `a`.`product_type` AS `product_type`, `a`.`product_unit_weight` AS `product_unit_weight`, if(`b`.`credit` is not null,1,0) AS `promo`, `a`.`price` AS `price`, `a`.`price_2` AS `price_2`, `a`.`price_3` AS `price_3`, if(`b`.`credit` is not null,`a`.`price` - `b`.`credit`,`a`.`price`) AS `promo_price`, if(`b`.`credit` is not null,`a`.`price_2` - `b`.`credit`,`a`.`price_2`) AS `promo_price_2`, if(`b`.`credit` is not null,`a`.`price_3` - `b`.`credit`,`a`.`price_3`) AS `promo_price_3`, if(`b`.`credit` is not null,round(`b`.`credit` / `a`.`price` * 100,0),0) AS `discount`, if(`b`.`credit` is not null,round(`b`.`credit` / `a`.`price_2` * 100,0),0) AS `discount_2`, if(`b`.`credit` is not null,round(`b`.`credit` / `a`.`price_3` * 100,0),0) AS `discount_3`, `a`.`stock` AS `stock`, `a`.`product_unit_1` AS `product_unit`, `a`.`is_available` AS `is_available`, `a`.`add_date` AS `add_date`, CASE WHEN `a`.`price` <> 0 AND `a`.`price_2` = 0 AND `a`.`price_3` = 0 THEN '1' WHEN `a`.`price` = 0 AND `a`.`price_2` <> 0 AND `a`.`price_3` = 0 THEN '2' WHEN `a`.`price` = 0 AND `a`.`price_2` = 0 AND `a`.`price_3` <> 0 THEN '3' WHEN `a`.`price` <> 0 AND `a`.`price_2` <> 0 AND `a`.`price_3` = 0 THEN '1,2' WHEN `a`.`price` <> 0 AND `a`.`price_2` = 0 AND `a`.`price_3` <> 0 THEN '1,3' WHEN `a`.`price` = 0 AND `a`.`price_2` <> 0 AND `a`.`price_3` <> 0 THEN '2,3' WHEN `a`.`price` <> 0 AND `a`.`price_2` <> 0 AND `a`.`price_3` <> 0 THEN '1,2,3' END AS `level_product` FROM (`products` `a` left join `promo` `b` on(`b`.`product_id` = `a`.`id` and cast(`b`.`start_date` as date) <= curdate() and cast(`b`.`expired_date` as date) >= curdate())) ;

-- --------------------------------------------------------

--
-- Struktur untuk view `v_tagihan`
--
DROP TABLE IF EXISTS `v_tagihan`;

CREATE ALGORITHM=UNDEFINED DEFINER=`root`@`localhost` SQL SECURITY DEFINER VIEW `v_tagihan`  AS SELECT `a`.`user_id` AS `user_id`, sum(`a`.`tagihan`) AS `tagihan`, `a`.`max_credit` AS `max_credit` FROM (select `a`.`user_id` AS `user_id`,ifnull(`b`.`total_price`,0) + ifnull(`b`.`shipping_cost`,0) + ifnull(`b`.`insurance`,0) AS `tagihan`,`a`.`max_credit` AS `max_credit` from (`customers` `a` left join `orders` `b` on(`a`.`user_id` = `b`.`user_id` and `b`.`payment_method` = 1 and `b`.`order_status` < 6))) AS `a` GROUP BY `a`.`user_id` ;

--
-- Indexes for dumped tables
--

--
-- Indeks untuk tabel `banner_product`
--
ALTER TABLE `banner_product`
  ADD PRIMARY KEY (`id`);

--
-- Indeks untuk tabel `briva_api`
--
ALTER TABLE `briva_api`
  ADD PRIMARY KEY (`id`);

--
-- Indeks untuk tabel `ci_sessions`
--
ALTER TABLE `ci_sessions`
  ADD KEY `ci_sessions_timestamp` (`timestamp`);

--
-- Indeks untuk tabel `contacts`
--
ALTER TABLE `contacts`
  ADD PRIMARY KEY (`id`),
  ADD KEY `FK_contacts_contacts` (`parent_id`);

--
-- Indeks untuk tabel `coupons`
--
ALTER TABLE `coupons`
  ADD PRIMARY KEY (`id`);

--
-- Indeks untuk tabel `customers`
--
ALTER TABLE `customers`
  ADD PRIMARY KEY (`id`),
  ADD KEY `FK_customers_users` (`user_id`);

--
-- Indeks untuk tabel `customer_location`
--
ALTER TABLE `customer_location`
  ADD PRIMARY KEY (`id`),
  ADD KEY `fk_userid` (`user_id`);

--
-- Indeks untuk tabel `generate_kdchart`
--
ALTER TABLE `generate_kdchart`
  ADD PRIMARY KEY (`id`),
  ADD KEY `fk_chartkd` (`kdchart`);

--
-- Indeks untuk tabel `message`
--
ALTER TABLE `message`
  ADD PRIMARY KEY (`id`),
  ADD KEY `FK_contacts_contacts` (`salesman_id`);

--
-- Indeks untuk tabel `orders`
--
ALTER TABLE `orders`
  ADD PRIMARY KEY (`id`),
  ADD KEY `FK_orders_users` (`user_id`),
  ADD KEY `FK_orders_coupons` (`coupon_id`);

--
-- Indeks untuk tabel `orders_bk`
--
ALTER TABLE `orders_bk`
  ADD PRIMARY KEY (`id`),
  ADD KEY `FK_orders_users` (`user_id`),
  ADD KEY `FK_orders_coupons` (`coupon_id`);

--
-- Indeks untuk tabel `order_items`
--
ALTER TABLE `order_items`
  ADD PRIMARY KEY (`id`),
  ADD KEY `order_id` (`order_id`),
  ADD KEY `product_id` (`product_id`);

--
-- Indeks untuk tabel `order_items_bk`
--
ALTER TABLE `order_items_bk`
  ADD PRIMARY KEY (`id`),
  ADD KEY `order_id` (`order_id`),
  ADD KEY `product_id` (`product_id`);

--
-- Indeks untuk tabel `payments`
--
ALTER TABLE `payments`
  ADD PRIMARY KEY (`id`),
  ADD KEY `order_id` (`order_id`);

--
-- Indeks untuk tabel `piutang`
--
ALTER TABLE `piutang`
  ADD PRIMARY KEY (`id`);

--
-- Indeks untuk tabel `products`
--
ALTER TABLE `products`
  ADD PRIMARY KEY (`id`),
  ADD KEY `FK_products_product_category` (`category_id`);

--
-- Indeks untuk tabel `product_category`
--
ALTER TABLE `product_category`
  ADD PRIMARY KEY (`id`);

--
-- Indeks untuk tabel `promo`
--
ALTER TABLE `promo`
  ADD PRIMARY KEY (`id`);

--
-- Indeks untuk tabel `reviews`
--
ALTER TABLE `reviews`
  ADD PRIMARY KEY (`id`),
  ADD KEY `FK_reviews_users` (`user_id`),
  ADD KEY `FK_reviews_orders` (`order_id`);

--
-- Indeks untuk tabel `settings`
--
ALTER TABLE `settings`
  ADD PRIMARY KEY (`id`) USING BTREE;

--
-- Indeks untuk tabel `tbtestongkir`
--
ALTER TABLE `tbtestongkir`
  ADD PRIMARY KEY (`id`);

--
-- Indeks untuk tabel `tmp_cart`
--
ALTER TABLE `tmp_cart`
  ADD PRIMARY KEY (`id`);

--
-- Indeks untuk tabel `users`
--
ALTER TABLE `users`
  ADD PRIMARY KEY (`id`) USING BTREE,
  ADD UNIQUE KEY `users_email_unique` (`email`) USING BTREE;

--
-- AUTO_INCREMENT untuk tabel yang dibuang
--

--
-- AUTO_INCREMENT untuk tabel `banner_product`
--
ALTER TABLE `banner_product`
  MODIFY `id` int(11) NOT NULL AUTO_INCREMENT, AUTO_INCREMENT=5;

--
-- AUTO_INCREMENT untuk tabel `briva_api`
--
ALTER TABLE `briva_api`
  MODIFY `id` int(11) NOT NULL AUTO_INCREMENT, AUTO_INCREMENT=21;

--
-- AUTO_INCREMENT untuk tabel `contacts`
--
ALTER TABLE `contacts`
  MODIFY `id` int(10) NOT NULL AUTO_INCREMENT, AUTO_INCREMENT=2;

--
-- AUTO_INCREMENT untuk tabel `coupons`
--
ALTER TABLE `coupons`
  MODIFY `id` bigint(20) NOT NULL AUTO_INCREMENT, AUTO_INCREMENT=11;

--
-- AUTO_INCREMENT untuk tabel `customers`
--
ALTER TABLE `customers`
  MODIFY `id` bigint(20) NOT NULL AUTO_INCREMENT, AUTO_INCREMENT=19;

--
-- AUTO_INCREMENT untuk tabel `customer_location`
--
ALTER TABLE `customer_location`
  MODIFY `id` int(11) NOT NULL AUTO_INCREMENT;

--
-- AUTO_INCREMENT untuk tabel `generate_kdchart`
--
ALTER TABLE `generate_kdchart`
  MODIFY `id` int(11) NOT NULL AUTO_INCREMENT, AUTO_INCREMENT=13;

--
-- AUTO_INCREMENT untuk tabel `message`
--
ALTER TABLE `message`
  MODIFY `id` int(10) NOT NULL AUTO_INCREMENT, AUTO_INCREMENT=2;

--
-- AUTO_INCREMENT untuk tabel `orders`
--
ALTER TABLE `orders`
  MODIFY `id` bigint(20) NOT NULL AUTO_INCREMENT, AUTO_INCREMENT=10;

--
-- AUTO_INCREMENT untuk tabel `orders_bk`
--
ALTER TABLE `orders_bk`
  MODIFY `id` bigint(20) NOT NULL AUTO_INCREMENT;

--
-- AUTO_INCREMENT untuk tabel `order_items`
--
ALTER TABLE `order_items`
  MODIFY `id` bigint(20) NOT NULL AUTO_INCREMENT, AUTO_INCREMENT=13;

--
-- AUTO_INCREMENT untuk tabel `order_items_bk`
--
ALTER TABLE `order_items_bk`
  MODIFY `id` bigint(20) NOT NULL AUTO_INCREMENT;

--
-- AUTO_INCREMENT untuk tabel `payments`
--
ALTER TABLE `payments`
  MODIFY `id` bigint(20) NOT NULL AUTO_INCREMENT, AUTO_INCREMENT=4;

--
-- AUTO_INCREMENT untuk tabel `piutang`
--
ALTER TABLE `piutang`
  MODIFY `id` int(11) NOT NULL AUTO_INCREMENT;

--
-- AUTO_INCREMENT untuk tabel `products`
--
ALTER TABLE `products`
  MODIFY `id` bigint(20) NOT NULL AUTO_INCREMENT, AUTO_INCREMENT=21;

--
-- AUTO_INCREMENT untuk tabel `product_category`
--
ALTER TABLE `product_category`
  MODIFY `id` int(10) NOT NULL AUTO_INCREMENT, AUTO_INCREMENT=16;

--
-- AUTO_INCREMENT untuk tabel `promo`
--
ALTER TABLE `promo`
  MODIFY `id` bigint(20) NOT NULL AUTO_INCREMENT, AUTO_INCREMENT=6;

--
-- AUTO_INCREMENT untuk tabel `reviews`
--
ALTER TABLE `reviews`
  MODIFY `id` bigint(20) NOT NULL AUTO_INCREMENT;

--
-- AUTO_INCREMENT untuk tabel `settings`
--
ALTER TABLE `settings`
  MODIFY `id` int(10) NOT NULL AUTO_INCREMENT, AUTO_INCREMENT=13;

--
-- AUTO_INCREMENT untuk tabel `tbtestongkir`
--
ALTER TABLE `tbtestongkir`
  MODIFY `id` int(11) NOT NULL AUTO_INCREMENT, AUTO_INCREMENT=9;

--
-- AUTO_INCREMENT untuk tabel `tmp_cart`
--
ALTER TABLE `tmp_cart`
  MODIFY `id` int(11) NOT NULL AUTO_INCREMENT, AUTO_INCREMENT=27;

--
-- AUTO_INCREMENT untuk tabel `users`
--
ALTER TABLE `users`
  MODIFY `id` bigint(20) UNSIGNED NOT NULL AUTO_INCREMENT, AUTO_INCREMENT=88;

--
-- Ketidakleluasaan untuk tabel pelimpahan (Dumped Tables)
--

--
-- Ketidakleluasaan untuk tabel `contacts`
--
ALTER TABLE `contacts`
  ADD CONSTRAINT `FK_contacts_contacts` FOREIGN KEY (`parent_id`) REFERENCES `contacts` (`id`) ON DELETE CASCADE ON UPDATE NO ACTION;

--
-- Ketidakleluasaan untuk tabel `customers`
--
ALTER TABLE `customers`
  ADD CONSTRAINT `FK_customers_users` FOREIGN KEY (`user_id`) REFERENCES `users` (`id`) ON DELETE NO ACTION ON UPDATE CASCADE;

--
-- Ketidakleluasaan untuk tabel `orders`
--
ALTER TABLE `orders`
  ADD CONSTRAINT `FK_orders_coupons` FOREIGN KEY (`coupon_id`) REFERENCES `coupons` (`id`) ON DELETE SET NULL ON UPDATE CASCADE,
  ADD CONSTRAINT `FK_orders_users` FOREIGN KEY (`user_id`) REFERENCES `users` (`id`) ON DELETE NO ACTION ON UPDATE CASCADE;

--
-- Ketidakleluasaan untuk tabel `order_items`
--
ALTER TABLE `order_items`
  ADD CONSTRAINT `order_items_ibfk_1` FOREIGN KEY (`order_id`) REFERENCES `orders` (`id`) ON DELETE CASCADE ON UPDATE NO ACTION,
  ADD CONSTRAINT `order_items_ibfk_2` FOREIGN KEY (`product_id`) REFERENCES `products` (`id`) ON DELETE CASCADE ON UPDATE NO ACTION;
COMMIT;

/*!40101 SET CHARACTER_SET_CLIENT=@OLD_CHARACTER_SET_CLIENT */;
/*!40101 SET CHARACTER_SET_RESULTS=@OLD_CHARACTER_SET_RESULTS */;
/*!40101 SET COLLATION_CONNECTION=@OLD_COLLATION_CONNECTION */;
