-- phpMyAdmin SQL Dump
-- version 5.0.4
-- https://www.phpmyadmin.net/
--
-- Host: 127.0.0.1
-- Waktu pembuatan: 06 Feb 2025 pada 09.34
-- Versi server: 10.4.17-MariaDB
-- Versi PHP: 7.2.34

SET SQL_MODE = "NO_AUTO_VALUE_ON_ZERO";
START TRANSACTION;
SET time_zone = "+00:00";


/*!40101 SET @OLD_CHARACTER_SET_CLIENT=@@CHARACTER_SET_CLIENT */;
/*!40101 SET @OLD_CHARACTER_SET_RESULTS=@@CHARACTER_SET_RESULTS */;
/*!40101 SET @OLD_COLLATION_CONNECTION=@@COLLATION_CONNECTION */;
/*!40101 SET NAMES utf8mb4 */;

--
-- Database: `kiucoid_kiustore`
--

-- --------------------------------------------------------

--
-- Struktur dari tabel `banner_product`
--

CREATE TABLE `banner_product` (
  `id` int(11) NOT NULL,
  `product_id` int(11) NOT NULL,
  `banner_image` varchar(255) NOT NULL,
  `created_at` datetime NOT NULL DEFAULT current_timestamp()
) ENGINE=InnoDB DEFAULT CHARSET=latin1;

--
-- Dumping data untuk tabel `banner_product`
--

INSERT INTO `banner_product` (`id`, `product_id`, `banner_image`, `created_at`) VALUES
(2, 2, 'bn1.jpg', '2022-06-18 02:23:10'),
(3, 8, 'bn2.jpg', '2022-06-18 02:24:15'),
(4, 11, 'bn3.jpg', '2022-06-18 02:24:43');

-- --------------------------------------------------------

--
-- Struktur dari tabel `briva_api`
--

CREATE TABLE `briva_api` (
  `id` int(11) NOT NULL,
  `order_number` varchar(16) NOT NULL,
  `user_id` int(3) NOT NULL,
  `va_code` int(15) NOT NULL,
  `status` int(2) NOT NULL,
  `create_at` timestamp NOT NULL DEFAULT current_timestamp() ON UPDATE current_timestamp()
) ENGINE=InnoDB DEFAULT CHARSET=utf8mb4;

--
-- Dumping data untuk tabel `briva_api`
--

INSERT INTO `briva_api` (`id`, `order_number`, `user_id`, `va_code`, `status`, `create_at`) VALUES
(1, 'NHM22125185718', 85, 77777, 1, '2025-01-22 16:23:30'),
(2, 'YKW24125185901', 85, 2147483647, 1, '2025-01-24 02:38:10'),
(3, 'ETL30125185689', 85, 2147483647, 1, '2025-01-30 12:43:01'),
(4, 'YWX30125185794', 85, 2147483647, 1, '2025-01-30 16:21:28'),
(5, 'SLC5225185167', 85, 2147483647, 1, '2025-02-05 07:25:38'),
(6, 'LFP5225185627', 85, 2147483647, 1, '2025-02-05 11:52:25'),
(7, 'NGJ6225485591', 85, 2147483647, 1, '2025-02-06 05:11:40'),
(8, 'VLR6225185952', 85, 2147483647, 1, '2025-02-06 05:23:39'),
(9, 'XCG6225285418', 85, 2147483647, 1, '2025-02-06 08:23:26');

-- --------------------------------------------------------

--
-- Struktur dari tabel `ci_sessions`
--

CREATE TABLE `ci_sessions` (
  `id` varchar(128) NOT NULL,
  `ip_address` varchar(45) NOT NULL,
  `timestamp` int(10) UNSIGNED NOT NULL DEFAULT 0,
  `data` blob NOT NULL
) ENGINE=InnoDB DEFAULT CHARSET=utf8mb4;

--
-- Dumping data untuk tabel `ci_sessions`
--

INSERT INTO `ci_sessions` (`id`, `ip_address`, `timestamp`, `data`) VALUES
('3091co2t3jqv592hr86dsj0bm04qppnl', '10.10.10.22', 1738815544, 0x5f5f63695f6c6173745f726567656e65726174657c693a313733383831353534343b5f5f4143544956455f53455353494f4e5f444154417c733a3238303a22366366313064626237323034663630633464666361323965623336333334356237356231393164623632646436656633323734663864623862626532333664313935653834643731663536396430366566313161343161616138623636643933646265386363663465646232373663623637643139396233353864373336313871795779394f506d55314877665336744e792b3450387870775856534951526b596d665752477053734e30427a5a68705865565459394b4e5861456e4b354e5059754668412b4731744a4f387755356a506a6d4341553344454c772b4739614e6e6b50764e4b436830774c435879394b4a6e42642f64484f646a79484c496b303373616832374d6f2b734d48624859762f734a5047413d3d223b),
('hiuadsasnapavm6t7thpstqtd90gcte1', '::1', 1738815174, 0x5f5f63695f6c6173745f726567656e65726174657c693a313733383831353137343b757365725f69647c733a323a223835223b73616c65736d616e5f69647c733a323a223539223b757365725f6c6576656c7c733a313a2231223b5f5f4143544956455f53455353494f4e5f444154417c733a3334343a223537326664666261373030646538366664663937663335323630653834303236353262326336393831636662623831386339356665386337353265393838656266393233636439623332343736383233356439313665386331326637663735633861323334373934343065633262623731323239336466653261636239336334346630576c6e6d664c3148694c6630373241336a3870744d37356f654c5332546d447056677a357237462f772f4968306a79516d474d4e7443333933763073746973673669347368646f574230485651483645655351314953676566794b6e66307045754d484d443464756d2f533534762b414d4e524a47434463496c6f342f35714b45612b5639532f347039726368642f2b366e6f624746694941355653434a4566685868686746684e574a7978417449416a5a6d347243746b7a46702f704b707256727268615747744e42666c4c3065347456513d3d223b),
('ek21kn9ld5j5kk16n031uelvobaft678', '::1', 1738815529, 0x5f5f63695f6c6173745f726567656e65726174657c693a313733383831353532393b757365725f69647c733a323a223835223b73616c65736d616e5f69647c733a323a223539223b757365725f6c6576656c7c733a313a2231223b5f5f4143544956455f53455353494f4e5f444154417c733a3334343a223537326664666261373030646538366664663937663335323630653834303236353262326336393831636662623831386339356665386337353265393838656266393233636439623332343736383233356439313665386331326637663735633861323334373934343065633262623731323239336466653261636239336334346630576c6e6d664c3148694c6630373241336a3870744d37356f654c5332546d447056677a357237462f772f4968306a79516d474d4e7443333933763073746973673669347368646f574230485651483645655351314953676566794b6e66307045754d484d443464756d2f533534762b414d4e524a47434463496c6f342f35714b45612b5639532f347039726368642f2b366e6f624746694941355653434a4566685868686746684e574a7978417449416a5a6d347243746b7a46702f704b707256727268615747744e42666c4c3065347456513d3d223b),
('irjd6f4i2ba84647haufmsu82k7qol0b', '::1', 1738818340, 0x5f5f63695f6c6173745f726567656e65726174657c693a313733383831383334303b757365725f69647c733a323a223835223b73616c65736d616e5f69647c733a323a223539223b757365725f6c6576656c7c733a313a2231223b5f5f4143544956455f53455353494f4e5f444154417c733a3334343a223537326664666261373030646538366664663937663335323630653834303236353262326336393831636662623831386339356665386337353265393838656266393233636439623332343736383233356439313665386331326637663735633861323334373934343065633262623731323239336466653261636239336334346630576c6e6d664c3148694c6630373241336a3870744d37356f654c5332546d447056677a357237462f772f4968306a79516d474d4e7443333933763073746973673669347368646f574230485651483645655351314953676566794b6e66307045754d484d443464756d2f533534762b414d4e524a47434463496c6f342f35714b45612b5639532f347039726368642f2b366e6f624746694941355653434a4566685868686746684e574a7978417449416a5a6d347243746b7a46702f704b707256727268615747744e42666c4c3065347456513d3d223b),
('kt7sbfm4g1ujfsp6nn9r1127l3vpendi', '10.10.10.22', 1738818307, 0x5f5f63695f6c6173745f726567656e65726174657c693a313733383831383330373b5f5f4143544956455f53455353494f4e5f444154417c733a3238303a22366366313064626237323034663630633464666361323965623336333334356237356231393164623632646436656633323734663864623862626532333664313935653834643731663536396430366566313161343161616138623636643933646265386363663465646232373663623637643139396233353864373336313871795779394f506d55314877665336744e792b3450387870775856534951526b596d665752477053734e30427a5a68705865565459394b4e5861456e4b354e5059754668412b4731744a4f387755356a506a6d4341553344454c772b4739614e6e6b50764e4b436830774c435879394b4a6e42642f64484f646a79484c496b303373616832374d6f2b734d48624859762f734a5047413d3d223b),
('g4autjj5kq7n6853uk9ueaa2791spqea', '10.10.10.22', 1738818722, 0x5f5f63695f6c6173745f726567656e65726174657c693a313733383831383732323b5f5f4143544956455f53455353494f4e5f444154417c733a3238303a22366366313064626237323034663630633464666361323965623336333334356237356231393164623632646436656633323734663864623862626532333664313935653834643731663536396430366566313161343161616138623636643933646265386363663465646232373663623637643139396233353864373336313871795779394f506d55314877665336744e792b3450387870775856534951526b596d665752477053734e30427a5a68705865565459394b4e5861456e4b354e5059754668412b4731744a4f387755356a506a6d4341553344454c772b4739614e6e6b50764e4b436830774c435879394b4a6e42642f64484f646a79484c496b303373616832374d6f2b734d48624859762f734a5047413d3d223b),
('j70vrrfq1fd3v240prqo962f4cclvsrk', '::1', 1738818647, 0x5f5f63695f6c6173745f726567656e65726174657c693a313733383831383634373b757365725f69647c733a323a223835223b73616c65736d616e5f69647c733a323a223539223b757365725f6c6576656c7c733a313a2231223b5f5f4143544956455f53455353494f4e5f444154417c733a3334343a223537326664666261373030646538366664663937663335323630653834303236353262326336393831636662623831386339356665386337353265393838656266393233636439623332343736383233356439313665386331326637663735633861323334373934343065633262623731323239336466653261636239336334346630576c6e6d664c3148694c6630373241336a3870744d37356f654c5332546d447056677a357237462f772f4968306a79516d474d4e7443333933763073746973673669347368646f574230485651483645655351314953676566794b6e66307045754d484d443464756d2f533534762b414d4e524a47434463496c6f342f35714b45612b5639532f347039726368642f2b366e6f624746694941355653434a4566685868686746684e574a7978417449416a5a6d347243746b7a46702f704b707256727268615747744e42666c4c3065347456513d3d223b636172745f636f6e74656e74737c613a333a7b733a31303a22636172745f746f74616c223b643a39393030303b733a31313a22746f74616c5f6974656d73223b643a313b733a33323a226334636134323338613062393233383230646363353039613666373538343962223b613a31323a7b733a323a226964223b733a313a2231223b733a333a22717479223b643a313b733a363a2273617475616e223b733a313a2231223b733a31313a2273617475616e5f74657874223b733a333a22506373223b733a31303a2273617475616e5f717479223b733a323a223130223b733a353a227072696365223b643a39393030303b733a343a226e616d65223b733a373a224163652d4f6e65223b733a31323a2270726f647563745f74797065223b733a313a2231223b733a31343a2270726f647563745f776569676874223b733a343a2231303030223b733a31323a22746f74616c5f776569676874223b693a313030303b733a353a22726f776964223b733a33323a226334636134323338613062393233383230646363353039613666373538343962223b733a383a22737562746f74616c223b643a39393030303b7d7d),
('bmgjo30tnd6rjf76ojl53gn4af9n8lf2', '::1', 1738819003, 0x5f5f63695f6c6173745f726567656e65726174657c693a313733383831393030333b757365725f69647c733a323a223835223b73616c65736d616e5f69647c733a323a223539223b757365725f6c6576656c7c733a313a2231223b5f5f4143544956455f53455353494f4e5f444154417c733a3334343a223537326664666261373030646538366664663937663335323630653834303236353262326336393831636662623831386339356665386337353265393838656266393233636439623332343736383233356439313665386331326637663735633861323334373934343065633262623731323239336466653261636239336334346630576c6e6d664c3148694c6630373241336a3870744d37356f654c5332546d447056677a357237462f772f4968306a79516d474d4e7443333933763073746973673669347368646f574230485651483645655351314953676566794b6e66307045754d484d443464756d2f533534762b414d4e524a47434463496c6f342f35714b45612b5639532f347039726368642f2b366e6f624746694941355653434a4566685868686746684e574a7978417449416a5a6d347243746b7a46702f704b707256727268615747744e42666c4c3065347456513d3d223b6f726465725f7175616e746974795f6d756c74697c613a313a7b693a313b613a343a7b693a313b613a353a7b733a333a22717479223b643a313b733a363a2273617475616e223b733a313a2231223b733a31313a2273617475616e5f74657874223b733a333a22506373223b733a31303a2273617475616e5f717479223b733a323a223130223b733a353a227072696365223b643a39393030303b7d693a393b613a353a7b733a333a22717479223b643a313b733a363a2273617475616e223b733a313a2231223b733a31313a2273617475616e5f74657874223b733a333a22506373223b733a31303a2273617475616e5f717479223b733a323a223130223b733a353a227072696365223b643a32353030303b7d693a31303b613a353a7b733a333a22717479223b643a353b733a363a2273617475616e223b733a313a2231223b733a31313a2273617475616e5f74657874223b733a333a22506373223b733a31303a2273617475616e5f717479223b733a323a223130223b733a353a227072696365223b643a32333030303b7d693a383b613a353a7b733a333a22717479223b643a313b733a363a2273617475616e223b733a313a2232223b733a31313a2273617475616e5f74657874223b733a333a22426f78223b733a31303a2273617475616e5f717479223b733a323a223130223b733a353a227072696365223b643a3230303030303b7d7d7d746f74616c5f70726963655f6d756c74697c613a333a7b693a313b643a3334373030303b693a323b693a303b693a333b693a303b7d),
('r9otrv1hovsv92tjcrqndcn71guim72o', '10.10.10.22', 1738819429, 0x5f5f63695f6c6173745f726567656e65726174657c693a313733383831393432393b5f5f4143544956455f53455353494f4e5f444154417c733a3238303a22366366313064626237323034663630633464666361323965623336333334356237356231393164623632646436656633323734663864623862626532333664313935653834643731663536396430366566313161343161616138623636643933646265386363663465646232373663623637643139396233353864373336313871795779394f506d55314877665336744e792b3450387870775856534951526b596d665752477053734e30427a5a68705865565459394b4e5861456e4b354e5059754668412b4731744a4f387755356a506a6d4341553344454c772b4739614e6e6b50764e4b436830774c435879394b4a6e42642f64484f646a79484c496b303373616832374d6f2b734d48624859762f734a5047413d3d223b),
('79hllbvd9jrohefu2lds9jlvs6jn58lj', '::1', 1738819382, 0x5f5f63695f6c6173745f726567656e65726174657c693a313733383831393338323b757365725f69647c733a323a223835223b73616c65736d616e5f69647c733a323a223539223b757365725f6c6576656c7c733a313a2231223b5f5f4143544956455f53455353494f4e5f444154417c733a3334343a223537326664666261373030646538366664663937663335323630653834303236353262326336393831636662623831386339356665386337353265393838656266393233636439623332343736383233356439313665386331326637663735633861323334373934343065633262623731323239336466653261636239336334346630576c6e6d664c3148694c6630373241336a3870744d37356f654c5332546d447056677a357237462f772f4968306a79516d474d4e7443333933763073746973673669347368646f574230485651483645655351314953676566794b6e66307045754d484d443464756d2f533534762b414d4e524a47434463496c6f342f35714b45612b5639532f347039726368642f2b366e6f624746694941355653434a4566685868686746684e574a7978417449416a5a6d347243746b7a46702f704b707256727268615747744e42666c4c3065347456513d3d223b6f726465725f7175616e746974795f6d756c74697c613a313a7b693a313b613a343a7b693a313b613a353a7b733a333a22717479223b643a313b733a363a2273617475616e223b733a313a2231223b733a31313a2273617475616e5f74657874223b733a333a22506373223b733a31303a2273617475616e5f717479223b733a323a223130223b733a353a227072696365223b643a39393030303b7d693a393b613a353a7b733a333a22717479223b643a313b733a363a2273617475616e223b733a313a2231223b733a31313a2273617475616e5f74657874223b733a333a22506373223b733a31303a2273617475616e5f717479223b733a323a223130223b733a353a227072696365223b643a32353030303b7d693a31303b613a353a7b733a333a22717479223b643a353b733a363a2273617475616e223b733a313a2231223b733a31313a2273617475616e5f74657874223b733a333a22506373223b733a31303a2273617475616e5f717479223b733a323a223130223b733a353a227072696365223b643a32333030303b7d693a383b613a353a7b733a333a22717479223b643a313b733a363a2273617475616e223b733a313a2232223b733a31313a2273617475616e5f74657874223b733a333a22426f78223b733a31303a2273617475616e5f717479223b733a323a223130223b733a353a227072696365223b643a3230303030303b7d7d7d746f74616c5f70726963655f6d756c74697c613a333a7b693a313b643a3334373030303b693a323b693a303b693a333b693a303b7d),
('cg787h4lr2kvlnr6qfbm35gu2m3cbcd5', '::1', 1738819707, 0x5f5f63695f6c6173745f726567656e65726174657c693a313733383831393730373b757365725f69647c733a323a223835223b73616c65736d616e5f69647c733a323a223539223b757365725f6c6576656c7c733a313a2231223b5f5f4143544956455f53455353494f4e5f444154417c733a3334343a223537326664666261373030646538366664663937663335323630653834303236353262326336393831636662623831386339356665386337353265393838656266393233636439623332343736383233356439313665386331326637663735633861323334373934343065633262623731323239336466653261636239336334346630576c6e6d664c3148694c6630373241336a3870744d37356f654c5332546d447056677a357237462f772f4968306a79516d474d4e7443333933763073746973673669347368646f574230485651483645655351314953676566794b6e66307045754d484d443464756d2f533534762b414d4e524a47434463496c6f342f35714b45612b5639532f347039726368642f2b366e6f624746694941355653434a4566685868686746684e574a7978417449416a5a6d347243746b7a46702f704b707256727268615747744e42666c4c3065347456513d3d223b6f726465725f7175616e746974795f6d756c74697c613a313a7b693a313b613a313a7b693a393b613a353a7b733a333a22717479223b643a313b733a363a2273617475616e223b733a313a2232223b733a31313a2273617475616e5f74657874223b733a333a22426f78223b733a31303a2273617475616e5f717479223b733a323a223130223b733a353a227072696365223b643a3235303030303b7d7d7d746f74616c5f70726963655f6d756c74697c613a333a7b693a313b643a3235303030303b693a323b693a303b693a333b693a303b7d),
('dagp9o7gt3uqag97hscon3n384220rop', '10.10.10.22', 1738820258, 0x5f5f63695f6c6173745f726567656e65726174657c693a313733383831393432393b5f5f4143544956455f53455353494f4e5f444154417c733a3238303a22366366313064626237323034663630633464666361323965623336333334356237356231393164623632646436656633323734663864623862626532333664313935653834643731663536396430366566313161343161616138623636643933646265386363663465646232373663623637643139396233353864373336313871795779394f506d55314877665336744e792b3450387870775856534951526b596d665752477053734e30427a5a68705865565459394b4e5861456e4b354e5059754668412b4731744a4f387755356a506a6d4341553344454c772b4739614e6e6b50764e4b436830774c435879394b4a6e42642f64484f646a79484c496b303373616832374d6f2b734d48624859762f734a5047413d3d223b),
('219pqs3or30cla53f0h697is0l019so6', '::1', 1738820100, 0x5f5f63695f6c6173745f726567656e65726174657c693a313733383832303130303b757365725f69647c733a323a223835223b73616c65736d616e5f69647c733a323a223539223b757365725f6c6576656c7c733a313a2231223b5f5f4143544956455f53455353494f4e5f444154417c733a3334343a223537326664666261373030646538366664663937663335323630653834303236353262326336393831636662623831386339356665386337353265393838656266393233636439623332343736383233356439313665386331326637663735633861323334373934343065633262623731323239336466653261636239336334346630576c6e6d664c3148694c6630373241336a3870744d37356f654c5332546d447056677a357237462f772f4968306a79516d474d4e7443333933763073746973673669347368646f574230485651483645655351314953676566794b6e66307045754d484d443464756d2f533534762b414d4e524a47434463496c6f342f35714b45612b5639532f347039726368642f2b366e6f624746694941355653434a4566685868686746684e574a7978417449416a5a6d347243746b7a46702f704b707256727268615747744e42666c4c3065347456513d3d223b6f726465725f7175616e746974795f6d756c74697c613a313a7b693a313b613a313a7b693a393b613a353a7b733a333a22717479223b643a313b733a363a2273617475616e223b733a313a2232223b733a31313a2273617475616e5f74657874223b733a333a22426f78223b733a31303a2273617475616e5f717479223b733a323a223130223b733a353a227072696365223b643a3235303030303b7d7d7d746f74616c5f70726963655f6d756c74697c613a333a7b693a313b643a3235303030303b693a323b693a303b693a333b693a303b7d636172745f636f6e74656e74737c613a333a7b733a31303a22636172745f746f74616c223b643a31333030303b733a31313a22746f74616c5f6974656d73223b643a313b733a33323a223166306533646164393939303833343566373433396638666661626466666334223b613a31323a7b733a323a226964223b733a323a223139223b733a333a22717479223b643a313b733a363a2273617475616e223b733a313a2231223b733a31313a2273617475616e5f74657874223b733a333a22506373223b733a31303a2273617475616e5f717479223b733a323a223130223b733a353a227072696365223b643a31333030303b733a343a226e616d65223b733a393a2246554e474953494441223b733a31323a2270726f647563745f74797065223b733a313a2231223b733a31343a2270726f647563745f776569676874223b733a343a2231303030223b733a31323a22746f74616c5f776569676874223b693a313030303b733a353a22726f776964223b733a33323a223166306533646164393939303833343566373433396638666661626466666334223b733a383a22737562746f74616c223b643a31333030303b7d7d),
('32698css1jfl4qjc56k8acs177apuqvg', '::1', 1738820844, 0x5f5f63695f6c6173745f726567656e65726174657c693a313733383832303834343b757365725f69647c733a323a223835223b73616c65736d616e5f69647c733a323a223539223b757365725f6c6576656c7c733a313a2231223b5f5f4143544956455f53455353494f4e5f444154417c733a3334343a223537326664666261373030646538366664663937663335323630653834303236353262326336393831636662623831386339356665386337353265393838656266393233636439623332343736383233356439313665386331326637663735633861323334373934343065633262623731323239336466653261636239336334346630576c6e6d664c3148694c6630373241336a3870744d37356f654c5332546d447056677a357237462f772f4968306a79516d474d4e7443333933763073746973673669347368646f574230485651483645655351314953676566794b6e66307045754d484d443464756d2f533534762b414d4e524a47434463496c6f342f35714b45612b5639532f347039726368642f2b366e6f624746694941355653434a4566685868686746684e574a7978417449416a5a6d347243746b7a46702f704b707256727268615747744e42666c4c3065347456513d3d223b6f726465725f7175616e746974795f6d756c74697c613a313a7b693a313b613a313a7b693a393b613a353a7b733a333a22717479223b643a313b733a363a2273617475616e223b733a313a2232223b733a31313a2273617475616e5f74657874223b733a333a22426f78223b733a31303a2273617475616e5f717479223b733a323a223130223b733a353a227072696365223b643a3235303030303b7d7d7d746f74616c5f70726963655f6d756c74697c613a333a7b693a313b643a3235303030303b693a323b693a303b693a333b693a303b7d636172745f636f6e74656e74737c613a333a7b733a31303a22636172745f746f74616c223b643a3939303030303b733a31313a22746f74616c5f6974656d73223b643a313b733a33323a226334636134323338613062393233383230646363353039613666373538343962223b613a31323a7b733a323a226964223b733a313a2231223b733a333a22717479223b643a313b733a363a2273617475616e223b733a313a2232223b733a31313a2273617475616e5f74657874223b733a333a22426f78223b733a31303a2273617475616e5f717479223b733a323a223130223b733a353a227072696365223b643a3939303030303b733a343a226e616d65223b733a373a224163652d4f6e65223b733a31323a2270726f647563745f74797065223b733a313a2231223b733a31343a2270726f647563745f776569676874223b733a343a2231303030223b733a31323a22746f74616c5f776569676874223b693a313030303b733a353a22726f776964223b733a33323a226334636134323338613062393233383230646363353039613666373538343962223b733a383a22737562746f74616c223b643a3939303030303b7d7d),
('38j6uffvpuo828gua30ralm8vvni0n9t', '::1', 1738821266, 0x5f5f63695f6c6173745f726567656e65726174657c693a313733383832313236363b757365725f69647c733a323a223835223b73616c65736d616e5f69647c733a323a223539223b757365725f6c6576656c7c733a313a2231223b5f5f4143544956455f53455353494f4e5f444154417c733a3334343a223537326664666261373030646538366664663937663335323630653834303236353262326336393831636662623831386339356665386337353265393838656266393233636439623332343736383233356439313665386331326637663735633861323334373934343065633262623731323239336466653261636239336334346630576c6e6d664c3148694c6630373241336a3870744d37356f654c5332546d447056677a357237462f772f4968306a79516d474d4e7443333933763073746973673669347368646f574230485651483645655351314953676566794b6e66307045754d484d443464756d2f533534762b414d4e524a47434463496c6f342f35714b45612b5639532f347039726368642f2b366e6f624746694941355653434a4566685868686746684e574a7978417449416a5a6d347243746b7a46702f704b707256727268615747744e42666c4c3065347456513d3d223b6f726465725f7175616e746974795f6d756c74697c613a313a7b693a313b613a313a7b693a393b613a353a7b733a333a22717479223b643a313b733a363a2273617475616e223b733a313a2232223b733a31313a2273617475616e5f74657874223b733a333a22426f78223b733a31303a2273617475616e5f717479223b733a323a223130223b733a353a227072696365223b643a3235303030303b7d7d7d746f74616c5f70726963655f6d756c74697c613a333a7b693a313b643a3235303030303b693a323b693a303b693a333b693a303b7d636172745f636f6e74656e74737c613a333a7b733a31303a22636172745f746f74616c223b643a3939303030303b733a31313a22746f74616c5f6974656d73223b643a313b733a33323a226334636134323338613062393233383230646363353039613666373538343962223b613a31323a7b733a323a226964223b733a313a2231223b733a333a22717479223b643a313b733a363a2273617475616e223b733a313a2232223b733a31313a2273617475616e5f74657874223b733a333a22426f78223b733a31303a2273617475616e5f717479223b733a323a223130223b733a353a227072696365223b643a3939303030303b733a343a226e616d65223b733a373a224163652d4f6e65223b733a31323a2270726f647563745f74797065223b733a313a2231223b733a31343a2270726f647563745f776569676874223b733a343a2231303030223b733a31323a22746f74616c5f776569676874223b693a313030303b733a353a22726f776964223b733a33323a226334636134323338613062393233383230646363353039613666373538343962223b733a383a22737562746f74616c223b643a3939303030303b7d7d),
('fm7p09ub5o98ggn8tjtvjmffh65a3spm', '::1', 1738822419, 0x5f5f63695f6c6173745f726567656e65726174657c693a313733383832323431393b757365725f69647c733a323a223835223b73616c65736d616e5f69647c733a323a223539223b757365725f6c6576656c7c733a313a2231223b5f5f4143544956455f53455353494f4e5f444154417c733a3334343a223537326664666261373030646538366664663937663335323630653834303236353262326336393831636662623831386339356665386337353265393838656266393233636439623332343736383233356439313665386331326637663735633861323334373934343065633262623731323239336466653261636239336334346630576c6e6d664c3148694c6630373241336a3870744d37356f654c5332546d447056677a357237462f772f4968306a79516d474d4e7443333933763073746973673669347368646f574230485651483645655351314953676566794b6e66307045754d484d443464756d2f533534762b414d4e524a47434463496c6f342f35714b45612b5639532f347039726368642f2b366e6f624746694941355653434a4566685868686746684e574a7978417449416a5a6d347243746b7a46702f704b707256727268615747744e42666c4c3065347456513d3d223b6f726465725f7175616e746974795f6d756c74697c613a313a7b693a313b613a313a7b693a393b613a353a7b733a333a22717479223b643a313b733a363a2273617475616e223b733a313a2232223b733a31313a2273617475616e5f74657874223b733a333a22426f78223b733a31303a2273617475616e5f717479223b733a323a223130223b733a353a227072696365223b643a3235303030303b7d7d7d746f74616c5f70726963655f6d756c74697c613a333a7b693a313b643a3235303030303b693a323b693a303b693a333b693a303b7d636172745f636f6e74656e74737c613a333a7b733a31303a22636172745f746f74616c223b643a3939303030303b733a31313a22746f74616c5f6974656d73223b643a313b733a33323a226334636134323338613062393233383230646363353039613666373538343962223b613a31323a7b733a323a226964223b733a313a2231223b733a333a22717479223b643a313b733a363a2273617475616e223b733a313a2232223b733a31313a2273617475616e5f74657874223b733a333a22426f78223b733a31303a2273617475616e5f717479223b733a323a223130223b733a353a227072696365223b643a3939303030303b733a343a226e616d65223b733a373a224163652d4f6e65223b733a31323a2270726f647563745f74797065223b733a313a2231223b733a31343a2270726f647563745f776569676874223b733a343a2231303030223b733a31323a22746f74616c5f776569676874223b693a313030303b733a353a22726f776964223b733a33323a226334636134323338613062393233383230646363353039613666373538343962223b733a383a22737562746f74616c223b643a3939303030303b7d7d),
('hvaa69qtj4636k3fh09rkarvluobqcqp', '::1', 1738823546, 0x5f5f63695f6c6173745f726567656e65726174657c693a313733383832333534363b757365725f69647c733a323a223835223b73616c65736d616e5f69647c733a323a223539223b757365725f6c6576656c7c733a313a2231223b5f5f4143544956455f53455353494f4e5f444154417c733a3334343a223537326664666261373030646538366664663937663335323630653834303236353262326336393831636662623831386339356665386337353265393838656266393233636439623332343736383233356439313665386331326637663735633861323334373934343065633262623731323239336466653261636239336334346630576c6e6d664c3148694c6630373241336a3870744d37356f654c5332546d447056677a357237462f772f4968306a79516d474d4e7443333933763073746973673669347368646f574230485651483645655351314953676566794b6e66307045754d484d443464756d2f533534762b414d4e524a47434463496c6f342f35714b45612b5639532f347039726368642f2b366e6f624746694941355653434a4566685868686746684e574a7978417449416a5a6d347243746b7a46702f704b707256727268615747744e42666c4c3065347456513d3d223b6f726465725f7175616e746974795f6d756c74697c613a313a7b693a313b613a313a7b693a393b613a353a7b733a333a22717479223b643a313b733a363a2273617475616e223b733a313a2232223b733a31313a2273617475616e5f74657874223b733a333a22426f78223b733a31303a2273617475616e5f717479223b733a323a223130223b733a353a227072696365223b643a3235303030303b7d7d7d746f74616c5f70726963655f6d756c74697c613a333a7b693a313b643a3235303030303b693a323b693a303b693a333b693a303b7d),
('4h3us8tnm70ohj76avrm9fi3fov7fi8c', '::1', 1738823894, 0x5f5f63695f6c6173745f726567656e65726174657c693a313733383832333839343b757365725f69647c733a323a223835223b73616c65736d616e5f69647c733a323a223539223b757365725f6c6576656c7c733a313a2231223b5f5f4143544956455f53455353494f4e5f444154417c733a3334343a223537326664666261373030646538366664663937663335323630653834303236353262326336393831636662623831386339356665386337353265393838656266393233636439623332343736383233356439313665386331326637663735633861323334373934343065633262623731323239336466653261636239336334346630576c6e6d664c3148694c6630373241336a3870744d37356f654c5332546d447056677a357237462f772f4968306a79516d474d4e7443333933763073746973673669347368646f574230485651483645655351314953676566794b6e66307045754d484d443464756d2f533534762b414d4e524a47434463496c6f342f35714b45612b5639532f347039726368642f2b366e6f624746694941355653434a4566685868686746684e574a7978417449416a5a6d347243746b7a46702f704b707256727268615747744e42666c4c3065347456513d3d223b6f726465725f7175616e746974795f6d756c74697c613a313a7b693a313b613a313a7b693a393b613a353a7b733a333a22717479223b643a313b733a363a2273617475616e223b733a313a2232223b733a31313a2273617475616e5f74657874223b733a333a22426f78223b733a31303a2273617475616e5f717479223b733a323a223130223b733a353a227072696365223b643a3235303030303b7d7d7d746f74616c5f70726963655f6d756c74697c613a333a7b693a313b643a3235303030303b693a323b693a303b693a333b693a303b7d636172745f636f6e74656e74737c613a333a7b733a31303a22636172745f746f74616c223b643a39393030303b733a31313a22746f74616c5f6974656d73223b643a313b733a33323a226334636134323338613062393233383230646363353039613666373538343962223b613a31333a7b733a323a226964223b733a313a2231223b733a333a22717479223b643a313b733a363a2273617475616e223b733a313a2231223b733a31313a2273617475616e5f74657874223b733a333a22506373223b733a31303a2273617475616e5f717479223b733a323a223130223b733a353a227072696365223b643a39393030303b733a343a226e616d65223b733a373a224163652d4f6e65223b733a31323a2270726f647563745f74797065223b733a313a2231223b733a31343a2270726f647563745f776569676874223b733a343a2231303030223b733a31323a22746f74616c5f776569676874223b693a313030303b733a373a226b646368617274223b733a31353a224b4955383530363032323530303031223b733a353a22726f776964223b733a33323a226334636134323338613062393233383230646363353039613666373538343962223b733a383a22737562746f74616c223b643a39393030303b7d7d),
('c7mavi2e9aorj6hlqp0d4fuo8blsvvng', '::1', 1738824275, 0x5f5f63695f6c6173745f726567656e65726174657c693a313733383832343237353b757365725f69647c733a323a223835223b73616c65736d616e5f69647c733a323a223539223b757365725f6c6576656c7c733a313a2231223b5f5f4143544956455f53455353494f4e5f444154417c733a3334343a223537326664666261373030646538366664663937663335323630653834303236353262326336393831636662623831386339356665386337353265393838656266393233636439623332343736383233356439313665386331326637663735633861323334373934343065633262623731323239336466653261636239336334346630576c6e6d664c3148694c6630373241336a3870744d37356f654c5332546d447056677a357237462f772f4968306a79516d474d4e7443333933763073746973673669347368646f574230485651483645655351314953676566794b6e66307045754d484d443464756d2f533534762b414d4e524a47434463496c6f342f35714b45612b5639532f347039726368642f2b366e6f624746694941355653434a4566685868686746684e574a7978417449416a5a6d347243746b7a46702f704b707256727268615747744e42666c4c3065347456513d3d223b6f726465725f7175616e746974795f6d756c74697c613a313a7b693a313b613a313a7b693a393b613a353a7b733a333a22717479223b643a313b733a363a2273617475616e223b733a313a2232223b733a31313a2273617475616e5f74657874223b733a333a22426f78223b733a31303a2273617475616e5f717479223b733a323a223130223b733a353a227072696365223b643a3235303030303b7d7d7d746f74616c5f70726963655f6d756c74697c613a333a7b693a313b643a3235303030303b693a323b693a303b693a333b693a303b7d636172745f636f6e74656e74737c613a343a7b733a31303a22636172745f746f74616c223b643a3131393030303b733a31313a22746f74616c5f6974656d73223b643a323b733a33323a226334636134323338613062393233383230646363353039613666373538343962223b613a31333a7b733a323a226964223b733a313a2231223b733a333a22717479223b643a313b733a363a2273617475616e223b733a313a2231223b733a31313a2273617475616e5f74657874223b733a333a22506373223b733a31303a2273617475616e5f717479223b733a323a223130223b733a353a227072696365223b643a39393030303b733a343a226e616d65223b733a373a224163652d4f6e65223b733a31323a2270726f647563745f74797065223b733a313a2231223b733a31343a2270726f647563745f776569676874223b733a343a2231303030223b733a31323a22746f74616c5f776569676874223b693a313030303b733a373a226b646368617274223b733a31353a224b4955383530363032323530303031223b733a353a22726f776964223b733a33323a226334636134323338613062393233383230646363353039613666373538343962223b733a383a22737562746f74616c223b643a39393030303b7d733a33323a226339663066383935666239386162393135396635316664303239376532333664223b613a31333a7b733a323a226964223b733a313a2238223b733a333a22717479223b643a313b733a363a2273617475616e223b733a313a2231223b733a31313a2273617475616e5f74657874223b733a333a22506373223b733a31303a2273617475616e5f717479223b733a323a223130223b733a353a227072696365223b643a32303030303b733a343a226e616d65223b733a373a2242616c74696b6f223b733a31323a2270726f647563745f74797065223b733a313a2231223b733a31343a2270726f647563745f776569676874223b733a343a2231303030223b733a31323a22746f74616c5f776569676874223b693a313030303b733a373a226b646368617274223b733a31353a224b4955383530363032323530303031223b733a353a22726f776964223b733a33323a226339663066383935666239386162393135396635316664303239376532333664223b733a383a22737562746f74616c223b643a32303030303b7d7d),
('gmti06priag10tbc07tq05bojnq55t0a', '::1', 1738824716, 0x5f5f63695f6c6173745f726567656e65726174657c693a313733383832343731363b757365725f69647c733a323a223835223b73616c65736d616e5f69647c733a323a223539223b757365725f6c6576656c7c733a313a2231223b5f5f4143544956455f53455353494f4e5f444154417c733a3334343a223537326664666261373030646538366664663937663335323630653834303236353262326336393831636662623831386339356665386337353265393838656266393233636439623332343736383233356439313665386331326637663735633861323334373934343065633262623731323239336466653261636239336334346630576c6e6d664c3148694c6630373241336a3870744d37356f654c5332546d447056677a357237462f772f4968306a79516d474d4e7443333933763073746973673669347368646f574230485651483645655351314953676566794b6e66307045754d484d443464756d2f533534762b414d4e524a47434463496c6f342f35714b45612b5639532f347039726368642f2b366e6f624746694941355653434a4566685868686746684e574a7978417449416a5a6d347243746b7a46702f704b707256727268615747744e42666c4c3065347456513d3d223b6f726465725f7175616e746974795f6d756c74697c613a313a7b693a313b613a313a7b693a393b613a353a7b733a333a22717479223b643a313b733a363a2273617475616e223b733a313a2232223b733a31313a2273617475616e5f74657874223b733a333a22426f78223b733a31303a2273617475616e5f717479223b733a323a223130223b733a353a227072696365223b643a3235303030303b7d7d7d746f74616c5f70726963655f6d756c74697c613a333a7b693a313b643a3235303030303b693a323b693a303b693a333b693a303b7d),
('80vf7q9gcmlns9fct6a3bfn6jdk1m5u8', '::1', 1738825289, 0x5f5f63695f6c6173745f726567656e65726174657c693a313733383832353238393b757365725f69647c733a323a223835223b73616c65736d616e5f69647c733a323a223539223b757365725f6c6576656c7c733a313a2231223b5f5f4143544956455f53455353494f4e5f444154417c733a3334343a223537326664666261373030646538366664663937663335323630653834303236353262326336393831636662623831386339356665386337353265393838656266393233636439623332343736383233356439313665386331326637663735633861323334373934343065633262623731323239336466653261636239336334346630576c6e6d664c3148694c6630373241336a3870744d37356f654c5332546d447056677a357237462f772f4968306a79516d474d4e7443333933763073746973673669347368646f574230485651483645655351314953676566794b6e66307045754d484d443464756d2f533534762b414d4e524a47434463496c6f342f35714b45612b5639532f347039726368642f2b366e6f624746694941355653434a4566685868686746684e574a7978417449416a5a6d347243746b7a46702f704b707256727268615747744e42666c4c3065347456513d3d223b6f726465725f7175616e746974795f6d756c74697c613a313a7b693a313b613a313a7b693a393b613a353a7b733a333a22717479223b643a313b733a363a2273617475616e223b733a313a2232223b733a31313a2273617475616e5f74657874223b733a333a22426f78223b733a31303a2273617475616e5f717479223b733a323a223130223b733a353a227072696365223b643a3235303030303b7d7d7d746f74616c5f70726963655f6d756c74697c613a333a7b693a313b643a3235303030303b693a323b693a303b693a333b693a303b7d636172745f636f6e74656e74737c613a333a7b733a31303a22636172745f746f74616c223b643a32303030303b733a31313a22746f74616c5f6974656d73223b643a313b733a33323a226339663066383935666239386162393135396635316664303239376532333664223b613a31333a7b733a323a226964223b733a313a2238223b733a333a22717479223b643a313b733a363a2273617475616e223b733a313a2231223b733a31313a2273617475616e5f74657874223b733a333a22506373223b733a31303a2273617475616e5f717479223b733a323a223130223b733a353a227072696365223b643a32303030303b733a343a226e616d65223b733a373a2242616c74696b6f223b733a31323a2270726f647563745f74797065223b733a313a2231223b733a31343a2270726f647563745f776569676874223b733a343a2231303030223b733a31323a22746f74616c5f776569676874223b693a313030303b733a373a226b646368617274223b733a31353a224b4955383530363032323530303031223b733a353a22726f776964223b733a33323a226339663066383935666239386162393135396635316664303239376532333664223b733a383a22737562746f74616c223b643a32303030303b7d7d),
('kj1ovdjd1ts6hl4b9mg1qck4mps28qc3', '::1', 1738825755, 0x5f5f63695f6c6173745f726567656e65726174657c693a313733383832353735353b757365725f69647c733a323a223835223b73616c65736d616e5f69647c733a323a223539223b757365725f6c6576656c7c733a313a2231223b5f5f4143544956455f53455353494f4e5f444154417c733a3334343a223537326664666261373030646538366664663937663335323630653834303236353262326336393831636662623831386339356665386337353265393838656266393233636439623332343736383233356439313665386331326637663735633861323334373934343065633262623731323239336466653261636239336334346630576c6e6d664c3148694c6630373241336a3870744d37356f654c5332546d447056677a357237462f772f4968306a79516d474d4e7443333933763073746973673669347368646f574230485651483645655351314953676566794b6e66307045754d484d443464756d2f533534762b414d4e524a47434463496c6f342f35714b45612b5639532f347039726368642f2b366e6f624746694941355653434a4566685868686746684e574a7978417449416a5a6d347243746b7a46702f704b707256727268615747744e42666c4c3065347456513d3d223b6f726465725f7175616e746974795f6d756c74697c613a313a7b693a313b613a313a7b693a393b613a353a7b733a333a22717479223b643a313b733a363a2273617475616e223b733a313a2232223b733a31313a2273617475616e5f74657874223b733a333a22426f78223b733a31303a2273617475616e5f717479223b733a323a223130223b733a353a227072696365223b643a3235303030303b7d7d7d746f74616c5f70726963655f6d756c74697c613a333a7b693a313b643a3235303030303b693a323b693a303b693a333b693a303b7d),
('nql5g8mg2a59vd5tbsire7mdleubo8on', '::1', 1738826220, 0x5f5f63695f6c6173745f726567656e65726174657c693a313733383832363232303b757365725f69647c733a323a223835223b73616c65736d616e5f69647c733a323a223539223b757365725f6c6576656c7c733a313a2231223b5f5f4143544956455f53455353494f4e5f444154417c733a3334343a223537326664666261373030646538366664663937663335323630653834303236353262326336393831636662623831386339356665386337353265393838656266393233636439623332343736383233356439313665386331326637663735633861323334373934343065633262623731323239336466653261636239336334346630576c6e6d664c3148694c6630373241336a3870744d37356f654c5332546d447056677a357237462f772f4968306a79516d474d4e7443333933763073746973673669347368646f574230485651483645655351314953676566794b6e66307045754d484d443464756d2f533534762b414d4e524a47434463496c6f342f35714b45612b5639532f347039726368642f2b366e6f624746694941355653434a4566685868686746684e574a7978417449416a5a6d347243746b7a46702f704b707256727268615747744e42666c4c3065347456513d3d223b6f726465725f7175616e746974795f6d756c74697c613a313a7b693a313b613a313a7b693a393b613a353a7b733a333a22717479223b643a313b733a363a2273617475616e223b733a313a2232223b733a31313a2273617475616e5f74657874223b733a333a22426f78223b733a31303a2273617475616e5f717479223b733a323a223130223b733a353a227072696365223b643a3235303030303b7d7d7d746f74616c5f70726963655f6d756c74697c613a333a7b693a313b643a3235303030303b693a323b693a303b693a333b693a303b7d636172745f636f6e74656e74737c613a333a7b733a31303a22636172745f746f74616c223b643a39393030303b733a31313a22746f74616c5f6974656d73223b643a313b733a33323a226334636134323338613062393233383230646363353039613666373538343962223b613a31333a7b733a323a226964223b733a313a2231223b733a333a22717479223b643a313b733a363a2273617475616e223b733a313a2231223b733a31313a2273617475616e5f74657874223b733a333a22506373223b733a31303a2273617475616e5f717479223b733a323a223130223b733a353a227072696365223b643a39393030303b733a343a226e616d65223b733a373a224163652d4f6e65223b733a31323a2270726f647563745f74797065223b733a313a2231223b733a31343a2270726f647563745f776569676874223b733a343a2231303030223b733a31323a22746f74616c5f776569676874223b693a313030303b733a373a226b646368617274223b733a31353a224b4955383530363032323530303031223b733a353a22726f776964223b733a33323a226334636134323338613062393233383230646363353039613666373538343962223b733a383a22737562746f74616c223b643a39393030303b7d7d),
('ri67kj2bufigsn6pbh3e77s14m841dqc', '::1', 1738826543, 0x5f5f63695f6c6173745f726567656e65726174657c693a313733383832363534333b757365725f69647c733a323a223835223b73616c65736d616e5f69647c733a323a223539223b757365725f6c6576656c7c733a313a2231223b5f5f4143544956455f53455353494f4e5f444154417c733a3334343a223537326664666261373030646538366664663937663335323630653834303236353262326336393831636662623831386339356665386337353265393838656266393233636439623332343736383233356439313665386331326637663735633861323334373934343065633262623731323239336466653261636239336334346630576c6e6d664c3148694c6630373241336a3870744d37356f654c5332546d447056677a357237462f772f4968306a79516d474d4e7443333933763073746973673669347368646f574230485651483645655351314953676566794b6e66307045754d484d443464756d2f533534762b414d4e524a47434463496c6f342f35714b45612b5639532f347039726368642f2b366e6f624746694941355653434a4566685868686746684e574a7978417449416a5a6d347243746b7a46702f704b707256727268615747744e42666c4c3065347456513d3d223b6f726465725f7175616e746974795f6d756c74697c613a313a7b693a313b613a313a7b693a393b613a353a7b733a333a22717479223b643a313b733a363a2273617475616e223b733a313a2232223b733a31313a2273617475616e5f74657874223b733a333a22426f78223b733a31303a2273617475616e5f717479223b733a323a223130223b733a353a227072696365223b643a3235303030303b7d7d7d746f74616c5f70726963655f6d756c74697c613a333a7b693a313b643a3235303030303b693a323b693a303b693a333b693a303b7d636172745f636f6e74656e74737c613a343a7b733a31303a22636172745f746f74616c223b643a3132323030303b733a31313a22746f74616c5f6974656d73223b643a323b733a33323a226334636134323338613062393233383230646363353039613666373538343962223b613a31333a7b733a323a226964223b733a313a2231223b733a333a22717479223b643a313b733a363a2273617475616e223b733a313a2231223b733a31313a2273617475616e5f74657874223b733a333a22506373223b733a31303a2273617475616e5f717479223b733a323a223130223b733a353a227072696365223b643a39393030303b733a343a226e616d65223b733a373a224163652d4f6e65223b733a31323a2270726f647563745f74797065223b733a313a2231223b733a31343a2270726f647563745f776569676874223b733a343a2231303030223b733a31323a22746f74616c5f776569676874223b693a313030303b733a373a226b646368617274223b733a31353a224b4955383530363032323530303031223b733a353a22726f776964223b733a33323a226334636134323338613062393233383230646363353039613666373538343962223b733a383a22737562746f74616c223b643a39393030303b7d733a33323a226433643934343638303261343432353937353564333865366431363365383230223b613a31333a7b733a323a226964223b733a323a223130223b733a333a22717479223b643a313b733a363a2273617475616e223b733a313a2231223b733a31313a2273617475616e5f74657874223b733a333a22506373223b733a31303a2273617475616e5f717479223b733a323a223130223b733a353a227072696365223b643a32333030303b733a343a226e616d65223b733a31323a225061736b616c203530205750223b733a31323a2270726f647563745f74797065223b733a313a2231223b733a31343a2270726f647563745f776569676874223b733a343a2231303030223b733a31323a22746f74616c5f776569676874223b693a313030303b733a373a226b646368617274223b733a31353a224b4955383530363032323530303031223b733a353a22726f776964223b733a33323a226433643934343638303261343432353937353564333865366431363365383230223b733a383a22737562746f74616c223b643a32333030303b7d7d),
('f5c6kkb9a8rhocec6v7i5k8k3l9eead2', '::1', 1738827064, 0x5f5f63695f6c6173745f726567656e65726174657c693a313733383832373036343b757365725f69647c733a323a223835223b73616c65736d616e5f69647c733a323a223539223b757365725f6c6576656c7c733a313a2231223b5f5f4143544956455f53455353494f4e5f444154417c733a3334343a223537326664666261373030646538366664663937663335323630653834303236353262326336393831636662623831386339356665386337353265393838656266393233636439623332343736383233356439313665386331326637663735633861323334373934343065633262623731323239336466653261636239336334346630576c6e6d664c3148694c6630373241336a3870744d37356f654c5332546d447056677a357237462f772f4968306a79516d474d4e7443333933763073746973673669347368646f574230485651483645655351314953676566794b6e66307045754d484d443464756d2f533534762b414d4e524a47434463496c6f342f35714b45612b5639532f347039726368642f2b366e6f624746694941355653434a4566685868686746684e574a7978417449416a5a6d347243746b7a46702f704b707256727268615747744e42666c4c3065347456513d3d223b6f726465725f7175616e746974795f6d756c74697c613a313a7b693a313b613a313a7b693a393b613a353a7b733a333a22717479223b643a313b733a363a2273617475616e223b733a313a2232223b733a31313a2273617475616e5f74657874223b733a333a22426f78223b733a31303a2273617475616e5f717479223b733a323a223130223b733a353a227072696365223b643a3235303030303b7d7d7d746f74616c5f70726963655f6d756c74697c613a333a7b693a313b643a3235303030303b693a323b693a303b693a333b693a303b7d636172745f636f6e74656e74737c613a343a7b733a31303a22636172745f746f74616c223b643a3132323030303b733a31313a22746f74616c5f6974656d73223b643a323b733a33323a226334636134323338613062393233383230646363353039613666373538343962223b613a31333a7b733a323a226964223b733a313a2231223b733a333a22717479223b643a313b733a363a2273617475616e223b733a313a2231223b733a31313a2273617475616e5f74657874223b733a333a22506373223b733a31303a2273617475616e5f717479223b733a323a223130223b733a353a227072696365223b643a39393030303b733a343a226e616d65223b733a373a224163652d4f6e65223b733a31323a2270726f647563745f74797065223b733a313a2231223b733a31343a2270726f647563745f776569676874223b733a343a2231303030223b733a31323a22746f74616c5f776569676874223b693a313030303b733a373a226b646368617274223b733a31353a224b4955383530363032323530303031223b733a353a22726f776964223b733a33323a226334636134323338613062393233383230646363353039613666373538343962223b733a383a22737562746f74616c223b643a39393030303b7d733a33323a226433643934343638303261343432353937353564333865366431363365383230223b613a31333a7b733a323a226964223b733a323a223130223b733a333a22717479223b643a313b733a363a2273617475616e223b733a313a2231223b733a31313a2273617475616e5f74657874223b733a333a22506373223b733a31303a2273617475616e5f717479223b733a323a223130223b733a353a227072696365223b643a32333030303b733a343a226e616d65223b733a31323a225061736b616c203530205750223b733a31323a2270726f647563745f74797065223b733a313a2231223b733a31343a2270726f647563745f776569676874223b733a343a2231303030223b733a31323a22746f74616c5f776569676874223b693a313030303b733a373a226b646368617274223b733a31353a224b4955383530363032323530303031223b733a353a22726f776964223b733a33323a226433643934343638303261343432353937353564333865366431363365383230223b733a383a22737562746f74616c223b643a32333030303b7d7d),
('631hh2b0mg8g7bqepf38sh5hqqibpm2t', '::1', 1738827495, 0x5f5f63695f6c6173745f726567656e65726174657c693a313733383832373439353b757365725f69647c733a323a223835223b73616c65736d616e5f69647c733a323a223539223b757365725f6c6576656c7c733a313a2231223b5f5f4143544956455f53455353494f4e5f444154417c733a3334343a223537326664666261373030646538366664663937663335323630653834303236353262326336393831636662623831386339356665386337353265393838656266393233636439623332343736383233356439313665386331326637663735633861323334373934343065633262623731323239336466653261636239336334346630576c6e6d664c3148694c6630373241336a3870744d37356f654c5332546d447056677a357237462f772f4968306a79516d474d4e7443333933763073746973673669347368646f574230485651483645655351314953676566794b6e66307045754d484d443464756d2f533534762b414d4e524a47434463496c6f342f35714b45612b5639532f347039726368642f2b366e6f624746694941355653434a4566685868686746684e574a7978417449416a5a6d347243746b7a46702f704b707256727268615747744e42666c4c3065347456513d3d223b6f726465725f7175616e746974795f6d756c74697c613a313a7b693a313b613a313a7b693a393b613a353a7b733a333a22717479223b643a313b733a363a2273617475616e223b733a313a2232223b733a31313a2273617475616e5f74657874223b733a333a22426f78223b733a31303a2273617475616e5f717479223b733a323a223130223b733a353a227072696365223b643a3235303030303b7d7d7d746f74616c5f70726963655f6d756c74697c613a333a7b693a313b643a3235303030303b693a323b693a303b693a333b693a303b7d636172745f636f6e74656e74737c613a343a7b733a31303a22636172745f746f74616c223b643a3132323030303b733a31313a22746f74616c5f6974656d73223b643a323b733a33323a226334636134323338613062393233383230646363353039613666373538343962223b613a31333a7b733a323a226964223b733a313a2231223b733a333a22717479223b643a313b733a363a2273617475616e223b733a313a2231223b733a31313a2273617475616e5f74657874223b733a333a22506373223b733a31303a2273617475616e5f717479223b733a323a223130223b733a353a227072696365223b643a39393030303b733a343a226e616d65223b733a373a224163652d4f6e65223b733a31323a2270726f647563745f74797065223b733a313a2231223b733a31343a2270726f647563745f776569676874223b733a343a2231303030223b733a31323a22746f74616c5f776569676874223b693a313030303b733a373a226b646368617274223b733a31353a224b4955383530363032323530303031223b733a353a22726f776964223b733a33323a226334636134323338613062393233383230646363353039613666373538343962223b733a383a22737562746f74616c223b643a39393030303b7d733a33323a226433643934343638303261343432353937353564333865366431363365383230223b613a31333a7b733a323a226964223b733a323a223130223b733a333a22717479223b643a313b733a363a2273617475616e223b733a313a2231223b733a31313a2273617475616e5f74657874223b733a333a22506373223b733a31303a2273617475616e5f717479223b733a323a223130223b733a353a227072696365223b643a32333030303b733a343a226e616d65223b733a31323a225061736b616c203530205750223b733a31323a2270726f647563745f74797065223b733a313a2231223b733a31343a2270726f647563745f776569676874223b733a343a2231303030223b733a31323a22746f74616c5f776569676874223b693a313030303b733a373a226b646368617274223b733a31353a224b4955383530363032323530303031223b733a353a22726f776964223b733a33323a226433643934343638303261343432353937353564333865366431363365383230223b733a383a22737562746f74616c223b643a32333030303b7d7d);
INSERT INTO `ci_sessions` (`id`, `ip_address`, `timestamp`, `data`) VALUES
('mgjg46h8avf1eguea766h7dquf4nbpa2', '::1', 1738829451, 0x5f5f63695f6c6173745f726567656e65726174657c693a313733383832393435313b757365725f69647c733a323a223835223b73616c65736d616e5f69647c733a323a223539223b757365725f6c6576656c7c733a313a2231223b5f5f4143544956455f53455353494f4e5f444154417c733a3334343a223537326664666261373030646538366664663937663335323630653834303236353262326336393831636662623831386339356665386337353265393838656266393233636439623332343736383233356439313665386331326637663735633861323334373934343065633262623731323239336466653261636239336334346630576c6e6d664c3148694c6630373241336a3870744d37356f654c5332546d447056677a357237462f772f4968306a79516d474d4e7443333933763073746973673669347368646f574230485651483645655351314953676566794b6e66307045754d484d443464756d2f533534762b414d4e524a47434463496c6f342f35714b45612b5639532f347039726368642f2b366e6f624746694941355653434a4566685868686746684e574a7978417449416a5a6d347243746b7a46702f704b707256727268615747744e42666c4c3065347456513d3d223b6f726465725f7175616e746974795f6d756c74697c613a313a7b693a313b613a313a7b693a393b613a353a7b733a333a22717479223b643a313b733a363a2273617475616e223b733a313a2232223b733a31313a2273617475616e5f74657874223b733a333a22426f78223b733a31303a2273617475616e5f717479223b733a323a223130223b733a353a227072696365223b643a3235303030303b7d7d7d746f74616c5f70726963655f6d756c74697c613a333a7b693a313b643a3235303030303b693a323b693a303b693a333b693a303b7d636172745f636f6e74656e74737c613a343a7b733a31303a22636172745f746f74616c223b643a3132323030303b733a31313a22746f74616c5f6974656d73223b643a323b733a33323a226334636134323338613062393233383230646363353039613666373538343962223b613a31333a7b733a323a226964223b733a313a2231223b733a333a22717479223b643a313b733a363a2273617475616e223b733a313a2231223b733a31313a2273617475616e5f74657874223b733a333a22506373223b733a31303a2273617475616e5f717479223b733a323a223130223b733a353a227072696365223b643a39393030303b733a343a226e616d65223b733a373a224163652d4f6e65223b733a31323a2270726f647563745f74797065223b733a313a2231223b733a31343a2270726f647563745f776569676874223b733a343a2231303030223b733a31323a22746f74616c5f776569676874223b693a313030303b733a373a226b646368617274223b733a31353a224b4955383530363032323530303031223b733a353a22726f776964223b733a33323a226334636134323338613062393233383230646363353039613666373538343962223b733a383a22737562746f74616c223b643a39393030303b7d733a33323a226433643934343638303261343432353937353564333865366431363365383230223b613a31333a7b733a323a226964223b733a323a223130223b733a333a22717479223b643a313b733a363a2273617475616e223b733a313a2231223b733a31313a2273617475616e5f74657874223b733a333a22506373223b733a31303a2273617475616e5f717479223b733a323a223130223b733a353a227072696365223b643a32333030303b733a343a226e616d65223b733a31323a225061736b616c203530205750223b733a31323a2270726f647563745f74797065223b733a313a2231223b733a31343a2270726f647563745f776569676874223b733a343a2231303030223b733a31323a22746f74616c5f776569676874223b693a313030303b733a373a226b646368617274223b733a31353a224b4955383530363032323530303031223b733a353a22726f776964223b733a33323a226433643934343638303261343432353937353564333865366431363365383230223b733a383a22737562746f74616c223b643a32333030303b7d7d),
('srdjtnq1rvi24k69jbabpt2veej84h6a', '::1', 1738830137, 0x5f5f63695f6c6173745f726567656e65726174657c693a313733383833303133373b757365725f69647c733a323a223835223b73616c65736d616e5f69647c733a323a223539223b757365725f6c6576656c7c733a313a2231223b5f5f4143544956455f53455353494f4e5f444154417c733a3334343a223537326664666261373030646538366664663937663335323630653834303236353262326336393831636662623831386339356665386337353265393838656266393233636439623332343736383233356439313665386331326637663735633861323334373934343065633262623731323239336466653261636239336334346630576c6e6d664c3148694c6630373241336a3870744d37356f654c5332546d447056677a357237462f772f4968306a79516d474d4e7443333933763073746973673669347368646f574230485651483645655351314953676566794b6e66307045754d484d443464756d2f533534762b414d4e524a47434463496c6f342f35714b45612b5639532f347039726368642f2b366e6f624746694941355653434a4566685868686746684e574a7978417449416a5a6d347243746b7a46702f704b707256727268615747744e42666c4c3065347456513d3d223b6f726465725f7175616e746974795f6d756c74697c613a313a7b693a313b613a313a7b693a393b613a353a7b733a333a22717479223b643a313b733a363a2273617475616e223b733a313a2232223b733a31313a2273617475616e5f74657874223b733a333a22426f78223b733a31303a2273617475616e5f717479223b733a323a223130223b733a353a227072696365223b643a3235303030303b7d7d7d746f74616c5f70726963655f6d756c74697c613a333a7b693a313b643a3235303030303b693a323b693a303b693a333b693a303b7d636172745f636f6e74656e74737c613a343a7b733a31303a22636172745f746f74616c223b643a3132323030303b733a31313a22746f74616c5f6974656d73223b643a323b733a33323a226334636134323338613062393233383230646363353039613666373538343962223b613a31333a7b733a323a226964223b733a313a2231223b733a333a22717479223b643a313b733a363a2273617475616e223b733a313a2231223b733a31313a2273617475616e5f74657874223b733a333a22506373223b733a31303a2273617475616e5f717479223b733a323a223130223b733a353a227072696365223b643a39393030303b733a343a226e616d65223b733a373a224163652d4f6e65223b733a31323a2270726f647563745f74797065223b733a313a2231223b733a31343a2270726f647563745f776569676874223b733a343a2231303030223b733a31323a22746f74616c5f776569676874223b693a313030303b733a373a226b646368617274223b733a31353a224b4955383530363032323530303031223b733a353a22726f776964223b733a33323a226334636134323338613062393233383230646363353039613666373538343962223b733a383a22737562746f74616c223b643a39393030303b7d733a33323a226433643934343638303261343432353937353564333865366431363365383230223b613a31333a7b733a323a226964223b733a323a223130223b733a333a22717479223b643a313b733a363a2273617475616e223b733a313a2231223b733a31313a2273617475616e5f74657874223b733a333a22506373223b733a31303a2273617475616e5f717479223b733a323a223130223b733a353a227072696365223b643a32333030303b733a343a226e616d65223b733a31323a225061736b616c203530205750223b733a31323a2270726f647563745f74797065223b733a313a2231223b733a31343a2270726f647563745f776569676874223b733a343a2231303030223b733a31323a22746f74616c5f776569676874223b693a313030303b733a373a226b646368617274223b733a31353a224b4955383530363032323530303031223b733a353a22726f776964223b733a33323a226433643934343638303261343432353937353564333865366431363365383230223b733a383a22737562746f74616c223b643a32333030303b7d7d),
('d5urvlig8oj7cq4miu9i6orrlvh2j137', '::1', 1738830698, 0x5f5f63695f6c6173745f726567656e65726174657c693a313733383833303639383b757365725f69647c733a323a223835223b73616c65736d616e5f69647c733a323a223539223b757365725f6c6576656c7c733a313a2231223b5f5f4143544956455f53455353494f4e5f444154417c733a3334343a223537326664666261373030646538366664663937663335323630653834303236353262326336393831636662623831386339356665386337353265393838656266393233636439623332343736383233356439313665386331326637663735633861323334373934343065633262623731323239336466653261636239336334346630576c6e6d664c3148694c6630373241336a3870744d37356f654c5332546d447056677a357237462f772f4968306a79516d474d4e7443333933763073746973673669347368646f574230485651483645655351314953676566794b6e66307045754d484d443464756d2f533534762b414d4e524a47434463496c6f342f35714b45612b5639532f347039726368642f2b366e6f624746694941355653434a4566685868686746684e574a7978417449416a5a6d347243746b7a46702f704b707256727268615747744e42666c4c3065347456513d3d223b6f726465725f7175616e746974795f6d756c74697c613a313a7b693a313b613a323a7b693a313b613a353a7b733a333a22717479223b643a313b733a363a2273617475616e223b733a313a2231223b733a31313a2273617475616e5f74657874223b733a333a22506373223b733a31303a2273617475616e5f717479223b733a323a223130223b733a353a227072696365223b643a39393030303b7d693a31303b613a353a7b733a333a22717479223b643a313b733a363a2273617475616e223b733a313a2231223b733a31313a2273617475616e5f74657874223b733a333a22506373223b733a31303a2273617475616e5f717479223b733a323a223130223b733a353a227072696365223b643a32333030303b7d7d7d746f74616c5f70726963655f6d756c74697c613a333a7b693a313b643a3132323030303b693a323b693a303b693a333b693a303b7d636172745f636f6e74656e74737c613a343a7b733a31303a22636172745f746f74616c223b643a36333030303b733a31313a22746f74616c5f6974656d73223b643a333b733a33323a226339663066383935666239386162393135396635316664303239376532333664223b613a31333a7b733a323a226964223b733a313a2238223b733a333a22717479223b643a323b733a363a2273617475616e223b733a313a2231223b733a31313a2273617475616e5f74657874223b733a333a22506373223b733a31303a2273617475616e5f717479223b733a323a223130223b733a353a227072696365223b643a32303030303b733a343a226e616d65223b733a373a2242616c74696b6f223b733a31323a2270726f647563745f74797065223b733a313a2231223b733a31343a2270726f647563745f776569676874223b733a343a2231303030223b733a31323a22746f74616c5f776569676874223b693a313030303b733a373a226b646368617274223b733a31353a224b4955383530363032323530303032223b733a353a22726f776964223b733a33323a226339663066383935666239386162393135396635316664303239376532333664223b733a383a22737562746f74616c223b643a34303030303b7d733a33323a226433643934343638303261343432353937353564333865366431363365383230223b613a31333a7b733a323a226964223b733a323a223130223b733a333a22717479223b643a313b733a363a2273617475616e223b733a313a2231223b733a31313a2273617475616e5f74657874223b733a333a22506373223b733a31303a2273617475616e5f717479223b733a323a223130223b733a353a227072696365223b643a32333030303b733a343a226e616d65223b733a31323a225061736b616c203530205750223b733a31323a2270726f647563745f74797065223b733a313a2231223b733a31343a2270726f647563745f776569676874223b733a343a2231303030223b733a31323a22746f74616c5f776569676874223b693a313030303b733a373a226b646368617274223b733a31353a224b4955383530363032323530303032223b733a353a22726f776964223b733a33323a226433643934343638303261343432353937353564333865366431363365383230223b733a383a22737562746f74616c223b643a32333030303b7d7d),
('c5hdmm4dq6dk1hsm1et3kjdcltion27e', '::1', 1738830698, 0x5f5f63695f6c6173745f726567656e65726174657c693a313733383833303639383b757365725f69647c733a323a223835223b73616c65736d616e5f69647c733a323a223539223b757365725f6c6576656c7c733a313a2231223b5f5f4143544956455f53455353494f4e5f444154417c733a3334343a223537326664666261373030646538366664663937663335323630653834303236353262326336393831636662623831386339356665386337353265393838656266393233636439623332343736383233356439313665386331326637663735633861323334373934343065633262623731323239336466653261636239336334346630576c6e6d664c3148694c6630373241336a3870744d37356f654c5332546d447056677a357237462f772f4968306a79516d474d4e7443333933763073746973673669347368646f574230485651483645655351314953676566794b6e66307045754d484d443464756d2f533534762b414d4e524a47434463496c6f342f35714b45612b5639532f347039726368642f2b366e6f624746694941355653434a4566685868686746684e574a7978417449416a5a6d347243746b7a46702f704b707256727268615747744e42666c4c3065347456513d3d223b6f726465725f7175616e746974795f6d756c74697c613a313a7b693a313b613a323a7b693a313b613a353a7b733a333a22717479223b643a313b733a363a2273617475616e223b733a313a2231223b733a31313a2273617475616e5f74657874223b733a333a22506373223b733a31303a2273617475616e5f717479223b733a323a223130223b733a353a227072696365223b643a39393030303b7d693a31303b613a353a7b733a333a22717479223b643a313b733a363a2273617475616e223b733a313a2231223b733a31313a2273617475616e5f74657874223b733a333a22506373223b733a31303a2273617475616e5f717479223b733a323a223130223b733a353a227072696365223b643a32333030303b7d7d7d746f74616c5f70726963655f6d756c74697c613a333a7b693a313b643a3132323030303b693a323b693a303b693a333b693a303b7d636172745f636f6e74656e74737c613a343a7b733a31303a22636172745f746f74616c223b643a36333030303b733a31313a22746f74616c5f6974656d73223b643a333b733a33323a226339663066383935666239386162393135396635316664303239376532333664223b613a31333a7b733a323a226964223b733a313a2238223b733a333a22717479223b643a323b733a363a2273617475616e223b733a313a2231223b733a31313a2273617475616e5f74657874223b733a333a22506373223b733a31303a2273617475616e5f717479223b733a323a223130223b733a353a227072696365223b643a32303030303b733a343a226e616d65223b733a373a2242616c74696b6f223b733a31323a2270726f647563745f74797065223b733a313a2231223b733a31343a2270726f647563745f776569676874223b733a343a2231303030223b733a31323a22746f74616c5f776569676874223b693a313030303b733a373a226b646368617274223b733a31353a224b4955383530363032323530303032223b733a353a22726f776964223b733a33323a226339663066383935666239386162393135396635316664303239376532333664223b733a383a22737562746f74616c223b643a34303030303b7d733a33323a226433643934343638303261343432353937353564333865366431363365383230223b613a31333a7b733a323a226964223b733a323a223130223b733a333a22717479223b643a313b733a363a2273617475616e223b733a313a2231223b733a31313a2273617475616e5f74657874223b733a333a22506373223b733a31303a2273617475616e5f717479223b733a323a223130223b733a353a227072696365223b643a32333030303b733a343a226e616d65223b733a31323a225061736b616c203530205750223b733a31323a2270726f647563745f74797065223b733a313a2231223b733a31343a2270726f647563745f776569676874223b733a343a2231303030223b733a31323a22746f74616c5f776569676874223b693a313030303b733a373a226b646368617274223b733a31353a224b4955383530363032323530303032223b733a353a22726f776964223b733a33323a226433643934343638303261343432353937353564333865366431363365383230223b733a383a22737562746f74616c223b643a32333030303b7d7d);

-- --------------------------------------------------------

--
-- Struktur dari tabel `contacts`
--

CREATE TABLE `contacts` (
  `id` int(10) NOT NULL,
  `parent_id` int(10) DEFAULT NULL,
  `name` varchar(32) NOT NULL,
  `subject` varchar(128) DEFAULT NULL,
  `email` varchar(64) NOT NULL,
  `message` mediumtext NOT NULL,
  `contact_date` datetime DEFAULT NULL,
  `status` tinyint(1) DEFAULT 1,
  `reply_at` datetime DEFAULT NULL
) ENGINE=InnoDB DEFAULT CHARSET=utf8mb4;

--
-- Dumping data untuk tabel `contacts`
--

INSERT INTO `contacts` (`id`, `parent_id`, `name`, `subject`, `email`, `message`, `contact_date`, `status`, `reply_at`) VALUES
(1, NULL, 'Agung Tri Saputra', 'Pengiriman kok lama?', 'martinms.za@gmail.com', 'pengiriman pesanan saya kok lama ya', '2020-03-29 07:40:13', 2, NULL);

-- --------------------------------------------------------

--
-- Struktur dari tabel `coupons`
--

CREATE TABLE `coupons` (
  `id` bigint(20) NOT NULL,
  `name` varchar(191) NOT NULL,
  `code` varchar(32) NOT NULL,
  `credit` decimal(8,2) NOT NULL,
  `start_date` date NOT NULL,
  `expired_date` date NOT NULL,
  `is_active` tinyint(4) DEFAULT 1
) ENGINE=InnoDB DEFAULT CHARSET=utf8mb4;

--
-- Dumping data untuk tabel `coupons`
--

INSERT INTO `coupons` (`id`, `name`, `code`, `credit`, `start_date`, `expired_date`, `is_active`) VALUES
(4, 'Berbagi Ramadhan', 'RAMADHAN2021', '5000.00', '2021-05-02', '2021-05-09', NULL),
(5, 'WELCOME MAY', 'MAY22', '4000.00', '2022-05-01', '2022-05-31', 1),
(6, 'test1', 'kupon', '100000.00', '2022-06-22', '2022-06-30', 1),
(7, 'Tes Kupon', 'TEST', '999999.99', '2022-10-29', '2022-11-09', 1),
(8, 'kupon baru', 'KUPONTAHUNBARU', '20000.00', '2022-11-03', '2022-11-30', 1),
(9, 'KUPON', 'TAHUNBARU', '12000.00', '2022-11-13', '2022-11-30', 1),
(10, 'HUT RI', '45', '45000.00', '2022-11-17', '2022-11-17', 1);

-- --------------------------------------------------------

--
-- Struktur dari tabel `customers`
--

CREATE TABLE `customers` (
  `id` bigint(20) NOT NULL,
  `user_id` bigint(20) UNSIGNED DEFAULT NULL,
  `nik` varchar(20) NOT NULL,
  `npwp` varchar(20) NOT NULL,
  `name` varchar(191) NOT NULL,
  `phone_number` varchar(32) DEFAULT NULL,
  `kota_id` int(11) NOT NULL,
  `address` varchar(191) NOT NULL,
  `shop_name` varchar(100) NOT NULL,
  `shop_address` varchar(200) DEFAULT NULL,
  `max_credit` int(11) NOT NULL,
  `level` int(11) NOT NULL,
  `profile_picture` varchar(191) DEFAULT NULL,
  `salesman_id` int(11) NOT NULL,
  `kode_customer` varchar(10) NOT NULL,
  `va_code` int(25) NOT NULL
) ENGINE=InnoDB DEFAULT CHARSET=utf8mb4;

--
-- Dumping data untuk tabel `customers`
--

INSERT INTO `customers` (`id`, `user_id`, `nik`, `npwp`, `name`, `phone_number`, `kota_id`, `address`, `shop_name`, `shop_address`, `max_credit`, `level`, `profile_picture`, `salesman_id`, `kode_customer`, `va_code`) VALUES
(1, 56, 'nikcwahyu', '123123123123', 'cwahyu', '123123123123', 0, 'alamatcwahyu7', 'tokowahyu7', 'jatimulyo gang ampel no 167', 25000000, 3, NULL, 54, '', 0),
(2, 57, '', '', 'Kurohige', '123123123', 0, 'Impeldawn', '', NULL, 2000000, 1, NULL, 54, '', 0),
(3, 58, '3509200811830003', '21564465651', 'Erix Aqroby', '0982312312', 0, 'jember', 'Kios Sahroni', NULL, 10000000, 2, NULL, 59, '', 0),
(4, 61, '030233432423', '1343432', 'PELANGGAN', '4534542524', 0, 'BALUNG KIDUL', 'SENTOSA MAKMUR', 'PUGER WETAN', 10000000, 2, NULL, 54, '', 0),
(5, 66, '', '', 'test', '081236571723', 0, 'alamat', '', NULL, 0, 1, NULL, 40, '', 0),
(6, 67, '', '', 'Cust', '08643664576', 0, 'Balung', '', NULL, 0, 1, NULL, 40, '', 0),
(7, 68, '', '', 'Mope', '082333555777', 0, 'Jember', 'Jaya selalu', 'Jl sumbersari', 0, 1, 'IMG-20221029-WA0004.jpg', 62, '', 0),
(8, 69, '', '', 'Test2', '086263626', 0, 'Alamat nya', '', NULL, 0, 1, NULL, 40, '', 0),
(9, 70, '', '', 'Sayuri', '08276262727', 0, 'Balung', 'Anugrah', 'Jl puger', 0, 1, 'IMG-20221101-WA00021.jpg', 62, '', 0),
(10, 71, '', '', 'Iwan', '082334567893', 0, 'Jember', '', NULL, 0, 1, NULL, 40, '', 0),
(11, 74, '', '', 'faisal', '085633435633', 0, 'ambulu', '', NULL, 0, 1, NULL, 62, '', 0),
(12, 76, '350912345870003', '10229373', 'RIAN', '08576543456', 0, 'JL.KAHURIPAN 37 SUMBERSARI', 'UD. SEJAHTERA', 'JL SAHARA 14 KALIWINING', 25000000, 2, NULL, 54, '', 0),
(13, 78, '', '', 'akunbaru1', '081208108', 0, 'Jl.Semeru Baru', 'belum ada', 'belum ada ', 0, 1, NULL, 0, '', 0),
(14, 80, '123456', '123123123', 'Custumer Trial', '08123123546', 0, 'Jl.Cutomer Trial 1', 'Toko Trial', 'Jl. Trial Toko', 0, 1, NULL, 59, '', 2147483647),
(15, 81, '123456123456', '132456132456', 'custemer trial', '01230123', 160, 'JL,Toko baru', 'Toko Trial Baru 123', 'JL,Toko baru', 17000000, 3, NULL, 79, '', 0),
(16, 85, '12345678945613654321', '12345678945613654321', 'maulana malik', '082264054784', 444, 'Jl.Semangka 31 A', 'trial umum ', 'Jl.Semangka 31 A', 0, 1, NULL, 59, '', 2147483647);

-- --------------------------------------------------------

--
-- Struktur dari tabel `customers_bk`
--

CREATE TABLE `customers_bk` (
  `id` bigint(20) NOT NULL,
  `user_id` bigint(20) UNSIGNED DEFAULT NULL,
  `nik` varchar(20) NOT NULL,
  `npwp` varchar(20) NOT NULL,
  `name` varchar(191) NOT NULL,
  `phone_number` varchar(32) DEFAULT NULL,
  `address` varchar(191) NOT NULL,
  `shop_name` varchar(100) NOT NULL,
  `credit` int(11) NOT NULL,
  `max_credit` int(11) NOT NULL,
  `level` int(11) NOT NULL,
  `profile_picture` varchar(191) DEFAULT NULL,
  `salesman_id` int(11) NOT NULL
) ENGINE=InnoDB DEFAULT CHARSET=utf8mb4;

-- --------------------------------------------------------

--
-- Struktur dari tabel `generate_kdchart`
--

CREATE TABLE `generate_kdchart` (
  `id` int(11) NOT NULL,
  `kdchart` varchar(255) NOT NULL,
  `create_at` timestamp NOT NULL DEFAULT current_timestamp() ON UPDATE current_timestamp()
) ENGINE=InnoDB DEFAULT CHARSET=utf8mb4;

--
-- Dumping data untuk tabel `generate_kdchart`
--

INSERT INTO `generate_kdchart` (`id`, `kdchart`, `create_at`) VALUES
(1, 'KIU850602250001', '2025-02-06 08:22:57');

-- --------------------------------------------------------

--
-- Struktur dari tabel `message`
--

CREATE TABLE `message` (
  `id` int(10) NOT NULL,
  `salesman_id` int(10) DEFAULT NULL,
  `customer_id` int(10) NOT NULL,
  `message` mediumtext NOT NULL,
  `chat_from` int(1) NOT NULL,
  `created_at` datetime DEFAULT NULL,
  `status` tinyint(1) DEFAULT 1,
  `reply_at` datetime DEFAULT NULL
) ENGINE=InnoDB DEFAULT CHARSET=utf8mb4;

--
-- Dumping data untuk tabel `message`
--

INSERT INTO `message` (`id`, `salesman_id`, `customer_id`, `message`, `chat_from`, `created_at`, `status`, `reply_at`) VALUES
(1, 59, 85, 'p', 2, '2025-02-06 12:12:28', 2, NULL);

-- --------------------------------------------------------

--
-- Struktur dari tabel `orders`
--

CREATE TABLE `orders` (
  `id` bigint(20) NOT NULL,
  `user_id` bigint(20) UNSIGNED DEFAULT NULL,
  `coupon_id` bigint(20) DEFAULT NULL,
  `order_number` varchar(16) NOT NULL,
  `invoice_number` text NOT NULL,
  `ttb_number` text DEFAULT NULL,
  `order_status` enum('1','2','3','4','5','6','7','8') DEFAULT '1',
  `order_date` datetime NOT NULL,
  `total_price` decimal(12,2) DEFAULT NULL,
  `total_items` int(10) DEFAULT NULL,
  `payment_method` int(11) DEFAULT 1,
  `shipping_method` int(1) NOT NULL,
  `delivery_data` text DEFAULT NULL,
  `delivered_date` datetime DEFAULT NULL,
  `deliver_by` varchar(15) DEFAULT NULL,
  `finish_date` datetime DEFAULT NULL,
  `due_date` date DEFAULT NULL,
  `shipping_cost` text DEFAULT '0',
  `insurance` text DEFAULT '0',
  `rating` int(11) DEFAULT NULL,
  `rating_desc` text DEFAULT NULL
) ENGINE=InnoDB DEFAULT CHARSET=utf8mb4;

--
-- Dumping data untuk tabel `orders`
--

INSERT INTO `orders` (`id`, `user_id`, `coupon_id`, `order_number`, `invoice_number`, `ttb_number`, `order_status`, `order_date`, `total_price`, `total_items`, `payment_method`, `shipping_method`, `delivery_data`, `delivered_date`, `deliver_by`, `finish_date`, `due_date`, `shipping_cost`, `insurance`, `rating`, `rating_desc`) VALUES
(1, 85, NULL, 'XCG6225285418', '', NULL, '1', '2025-02-06 15:23:26', '122000.00', 2, 2, 2, '{\"customer\":{\"name\":\"maulana malik\",\"phone_number\":\"082264054784\",\"address\":\"Jl.Semangka 31 A\",\"shop_name\":\"trial umum \",\"shop_address\":\"Jl.Semangka 31 A\"},\"note\":\"\"}', NULL, NULL, NULL, '2025-02-06', '0', '0', NULL, NULL);

-- --------------------------------------------------------

--
-- Struktur dari tabel `order_items`
--

CREATE TABLE `order_items` (
  `id` bigint(20) NOT NULL,
  `order_id` bigint(20) DEFAULT NULL,
  `product_id` bigint(20) DEFAULT NULL,
  `order_qty` int(10) NOT NULL,
  `order_price` decimal(8,2) DEFAULT NULL,
  `satuan` int(11) NOT NULL,
  `satuan_text` text NOT NULL,
  `satuan_qty` int(11) NOT NULL
) ENGINE=InnoDB DEFAULT CHARSET=utf8mb4;

--
-- Dumping data untuk tabel `order_items`
--

INSERT INTO `order_items` (`id`, `order_id`, `product_id`, `order_qty`, `order_price`, `satuan`, `satuan_text`, `satuan_qty`) VALUES
(1, 1, 1, 1, '99000.00', 1, 'Pcs', 10),
(2, 1, 10, 1, '23000.00', 1, 'Pcs', 10);

-- --------------------------------------------------------

--
-- Struktur dari tabel `payments`
--

CREATE TABLE `payments` (
  `id` bigint(20) NOT NULL,
  `order_id` bigint(20) DEFAULT NULL,
  `payment_price` decimal(8,2) DEFAULT NULL,
  `payment_date` datetime NOT NULL,
  `picture_name` varchar(191) DEFAULT NULL,
  `payment_status` enum('1','2','3') DEFAULT '1',
  `confirmed_date` datetime DEFAULT NULL,
  `payment_data` text DEFAULT NULL
) ENGINE=InnoDB DEFAULT CHARSET=utf8mb4;

-- --------------------------------------------------------

--
-- Struktur dari tabel `piutang`
--

CREATE TABLE `piutang` (
  `id` int(11) NOT NULL,
  `no_faktur` text NOT NULL,
  `name` text NOT NULL,
  `address` text NOT NULL,
  `payment_price` int(11) NOT NULL,
  `pay` int(11) NOT NULL DEFAULT 0,
  `payment_date` date NOT NULL,
  `payment_status` int(11) NOT NULL,
  `confirm_date` date DEFAULT NULL
) ENGINE=MyISAM DEFAULT CHARSET=latin1;

-- --------------------------------------------------------

--
-- Struktur dari tabel `products`
--

CREATE TABLE `products` (
  `id` bigint(20) NOT NULL,
  `category_id` int(10) DEFAULT NULL,
  `sku` varchar(32) DEFAULT NULL,
  `name` varchar(191) NOT NULL,
  `description` varchar(191) DEFAULT NULL,
  `picture_name` varchar(191) DEFAULT NULL,
  `price` int(11) NOT NULL,
  `price_2` int(11) NOT NULL,
  `price_3` int(11) NOT NULL,
  `stock` int(10) NOT NULL,
  `current_discount` double NOT NULL,
  `product_unit` varchar(32) DEFAULT NULL,
  `product_unit_1` varchar(25) NOT NULL,
  `product_unit_2` varchar(25) NOT NULL,
  `product_unit_value` text NOT NULL,
  `product_type` varchar(25) NOT NULL,
  `product_unit_weight` int(25) NOT NULL,
  `is_available` tinyint(1) DEFAULT 1,
  `add_date` datetime DEFAULT NULL,
  `user_level` int(11) NOT NULL
) ENGINE=InnoDB DEFAULT CHARSET=utf8mb4;

--
-- Dumping data untuk tabel `products`
--

INSERT INTO `products` (`id`, `category_id`, `sku`, `name`, `description`, `picture_name`, `price`, `price_2`, `price_3`, `stock`, `current_discount`, `product_unit`, `product_unit_1`, `product_unit_2`, `product_unit_value`, `product_type`, `product_unit_weight`, `is_available`, `add_date`, `user_level`) VALUES
(1, 2, 'SB750372', 'Ace-One', 'NULL', 'ace_one_99000.jpg', 99000, 98000, 97000, 50, 0, 'Pcs', 'Pcs', 'Box', '10', '1', 1000, 1, '0000-00-00 00:00:00', 0),
(2, 2, 'BS350420', 'Akalis 500 SC', 'NULL', 'akalis_500sc_268500.jpg', 0, 268500, 228500, 10, 0, 'Pcs', 'Pcs', 'Box', '10', '1', 1000, 1, '0000-00-00 00:00:00', 0),
(4, 2, 'TS120790', 'Sinergy 300 EC', 'NULL', 'sinergy300ec_155000.jpg', 0, 120000, 155000, 20, 0, 'Botol', 'Pcs', 'Box', '10', '1', 1000, 1, '0000-00-00 00:00:00', 0),
(5, 2, 'WS120811', 'Cornbelt 336 SC', 'NULL', 'cornbelt_336_sc_290000.jpg', 0, 0, 290000, 20, 0, 'Pcs', 'Pcs', 'Box', '10', '1', 1000, 1, '0000-00-00 00:00:00', 0),
(8, 2, 'PS220885', 'Baltiko', 'NULL', 'baltiko_49000.jpg', 20000, 19000, 17500, 20, 0, 'Pcs', 'Pcs', 'Box', '10', '1', 1000, 1, '0000-00-00 00:00:00', 0),
(9, 2, 'AB450163', 'Topida 25 WP', 'NULL', 'topida_25_wp_25000.jpg', 25000, 0, 0, 50, 0, 'Pcs', 'Pcs', 'Box', '10', '1', 1000, 1, '0000-00-00 00:00:00', 0),
(10, 2, 'BMS120283', 'Paskal 50 WP', 'NULL', 'paskal_50wp_23000.jpg', 23000, 0, 0, 20, 0, 'Pcs', 'Pcs', 'Box', '10', '1', 1000, 1, '0000-00-00 00:00:00', 0),
(11, 2, 'URS13301', 'Biosoft 500ml', 'NULL', 'Biosoft_-_500ml_101500.jpg', 0, 0, 101500, 300, 0, 'Botol', 'Pcs', 'Box', '10', '1', 1000, 1, '0000-00-00 00:00:00', 0),
(12, 2, 'BPS15347', 'Nostro 440 EC - 500ml (FUNGISIDA)', 'NULL', 'Nostro_440_EC_-_500ml_(FUNGISIDA)_100000.jpg', 0, 110000, 100000, 51, 0, 'Botol', 'Pcs', 'Box', '10', '1', 1000, 1, '0000-00-00 00:00:00', 0),
(13, 2, 'KPS223370', 'Hexacar 100 SC - 250ml (FUNGISIDA)', 'NULL', 'Hexacar_100_SC_-_250ml_(FUNGISIDA)_50000.jpg', 0, 55000, 50000, 23, 0, 'Botol', 'Pcs', 'Box', '10', '1', 1000, 1, '0000-00-00 00:00:00', 0),
(14, 2, 'CMS410424', 'BM Ematez 19 EC - 100ml (INSEKTISIDA)', 'NULL', 'BM_Ematez_19_EC_-_100ml_(INSEKTISIDA)_45000.jpg', 0, 0, 45000, 10, 0, 'Botol', 'Pcs', 'Box', '10', '1', 1000, 1, '0000-00-00 00:00:00', 0),
(15, 2, 'B5MP8100547', 'Blast 500 ML', 'NULL', '1820703_e3c79fa6-7398-41d6-a8ce-ee27b694d3e9.jpg', 0, 0, 80000, 100, 0, 'botol', 'Pcs', 'Box', '10', '1', 1000, 1, '0000-00-00 00:00:00', 0),
(18, 1, 'QMK35GP1805', 'Qiuvita merah K 32 500 gram', '', 'NULL', 16500, 0, 0, 1000, 0, 'pack', 'Pcs', 'Box', '10', '1', 1000, 1, '0000-00-00 00:00:00', 0),
(19, 1, 'FF111000791', 'FUNGISIDA', 'NULL', 'gambar_otak.png', 13000, 11000, 10000, 50, 0, 'BOX', 'Pcs', 'Box', '10', '1', 1000, 1, '0000-00-00 00:00:00', 0),
(20, 9, 'OII112500872', 'OBAT ISEKTIDA', 'NULL', 'abstrak.jpeg', 15000, 12500, 11000, 99, 0, 'BOX', 'Pcs', 'Box', '10', '1', 1000, 1, '0000-00-00 00:00:00', 0);

-- --------------------------------------------------------

--
-- Struktur dari tabel `product_category`
--

CREATE TABLE `product_category` (
  `id` int(10) NOT NULL,
  `name` varchar(191) NOT NULL
) ENGINE=InnoDB DEFAULT CHARSET=utf8mb4;

--
-- Dumping data untuk tabel `product_category`
--

INSERT INTO `product_category` (`id`, `name`) VALUES
(1, 'Fungisida'),
(2, 'Herbisida'),
(9, 'Insektisida'),
(10, 'Obat-obat'),
(12, 'Sarana Pertanian'),
(13, 'Lain Lain'),
(14, 'benih'),
(15, 'ALAT PERTANIAN');

-- --------------------------------------------------------

--
-- Struktur dari tabel `promo`
--

CREATE TABLE `promo` (
  `id` bigint(20) NOT NULL,
  `product_id` int(11) NOT NULL,
  `credit` decimal(8,2) NOT NULL,
  `start_date` date NOT NULL,
  `expired_date` date NOT NULL,
  `is_active` tinyint(4) DEFAULT 1
) ENGINE=InnoDB DEFAULT CHARSET=utf8mb4;

--
-- Dumping data untuk tabel `promo`
--

INSERT INTO `promo` (`id`, `product_id`, `credit`, `start_date`, `expired_date`, `is_active`) VALUES
(1, 1, '9000.00', '2022-10-04', '2022-11-25', 1),
(2, 2, '8500.00', '2022-10-04', '2022-12-16', 1),
(3, 4, '8000.00', '2022-11-09', '2022-11-16', 1),
(4, 10, '2500.00', '2022-11-10', '2022-11-24', 1),
(5, 10, '2500.00', '2022-11-10', '2022-11-24', 1);

-- --------------------------------------------------------

--
-- Struktur dari tabel `reviews`
--

CREATE TABLE `reviews` (
  `id` bigint(20) NOT NULL,
  `user_id` bigint(20) UNSIGNED DEFAULT NULL,
  `order_id` bigint(20) DEFAULT NULL,
  `title` varchar(191) DEFAULT NULL,
  `review_text` mediumtext NOT NULL,
  `review_date` datetime NOT NULL,
  `status` tinyint(1) NOT NULL DEFAULT 1
) ENGINE=InnoDB DEFAULT CHARSET=utf8mb4;

--
-- Dumping data untuk tabel `reviews`
--

INSERT INTO `reviews` (`id`, `user_id`, `order_id`, `title`, `review_text`, `review_date`, `status`) VALUES
(2, 7, 6, 'Sangat puas', 'Pengiriman cepat dan sayur segar', '2020-03-30 08:31:31', 1),
(3, 7, 5, 'Buah segar', 'Buah segar dan kualitasnya sangat bagus', '2020-03-30 08:33:10', 1);

-- --------------------------------------------------------

--
-- Struktur dari tabel `settings`
--

CREATE TABLE `settings` (
  `id` int(10) NOT NULL,
  `key` varchar(32) NOT NULL,
  `content` text NOT NULL
) ENGINE=InnoDB DEFAULT CHARSET=utf8mb4;

--
-- Dumping data untuk tabel `settings`
--

INSERT INTO `settings` (`id`, `key`, `content`) VALUES
(1, 'current_theme_name', 'fastkart'),
(2, 'store_name', 'KIU STORE'),
(3, 'store_phone_number', '08111111111111'),
(4, 'store_email', 'kiu@gmail.com'),
(5, 'store_tagline', 'Official Store PT. Karisma Indoagro Universal'),
(6, 'store_logo', 'Logo.png'),
(7, 'max_product_image_size', '20000'),
(8, 'store_description', 'Belanja mudah hanya di KIU STORE'),
(9, 'store_address', 'Jl. Semeru 89 Ajung  Jember 68175'),
(10, 'min_shop_to_free_shipping_cost', '20000'),
(11, 'shipping_cost', '3000'),
(12, 'payment_banks', '{\"bank-bca\":{\"bank\":\"BANK BCA\",\"number\":\"20348483\",\"name\":\"PT. KARISMA INDOAGRO UNIVERSAL\"},\"bank-mandiri\":{\"bank\":\"BANK MANDIRI\",\"number\":\"10034453\",\"name\":\"PT. KARISMA INDOAGRO UNIVERSAL\"},\"bank-bri\":{\"bank\":\"BANK BRI\",\"number\":\"310337234005700\",\"name\":\"PT. KARISMA INDOAGRO UNIVERSAL\"}}');

-- --------------------------------------------------------

--
-- Struktur dari tabel `tbtestongkir`
--

CREATE TABLE `tbtestongkir` (
  `id` int(11) NOT NULL,
  `jsongkir` varchar(255) NOT NULL,
  `sjasa` varchar(255) NOT NULL,
  `idcustomer` varchar(255) NOT NULL,
  `status` int(2) NOT NULL,
  `create_at` text NOT NULL
) ENGINE=InnoDB DEFAULT CHARSET=utf8mb4;

--
-- Dumping data untuk tabel `tbtestongkir`
--

INSERT INTO `tbtestongkir` (`id`, `jsongkir`, `sjasa`, `idcustomer`, `status`, `create_at`) VALUES
(1, 'JTR;12-13;235000', 'jne', '85', 1, '2025-02-06'),
(2, 'Pos Reguler;7 HARI;195000', 'pos', '85', 0, '2025-02-06');

-- --------------------------------------------------------

--
-- Struktur dari tabel `tmp_cart`
--

CREATE TABLE `tmp_cart` (
  `id` int(11) NOT NULL,
  `kdchart` varchar(255) NOT NULL,
  `idbarang` int(11) NOT NULL,
  `idcustomer` int(11) NOT NULL,
  `qty` int(11) NOT NULL,
  `satuan` int(11) NOT NULL,
  `satuan_text` varchar(191) NOT NULL,
  `satuan_qty` int(11) NOT NULL,
  `price` int(11) NOT NULL,
  `name` text NOT NULL,
  `product_type` varchar(25) NOT NULL,
  `product_weight` int(11) NOT NULL,
  `total_weight` int(25) NOT NULL,
  `sts_ongkir` int(2) NOT NULL,
  `create_at` text NOT NULL,
  `last_action` timestamp NOT NULL DEFAULT current_timestamp() ON UPDATE current_timestamp()
) ENGINE=InnoDB DEFAULT CHARSET=utf8mb4;

--
-- Dumping data untuk tabel `tmp_cart`
--

INSERT INTO `tmp_cart` (`id`, `kdchart`, `idbarang`, `idcustomer`, `qty`, `satuan`, `satuan_text`, `satuan_qty`, `price`, `name`, `product_type`, `product_weight`, `total_weight`, `sts_ongkir`, `create_at`, `last_action`) VALUES
(19, 'KIU850602250002', 8, 85, 1, 1, 'Pcs', 10, 20000, 'Baltiko', '1', 1000, 1000, 1, '2025-02-06', '2025-02-06 08:24:39'),
(20, 'KIU850602250002', 10, 85, 1, 1, 'Pcs', 10, 23000, 'Paskal 50 WP', '1', 1000, 1000, 1, '2025-02-06', '2025-02-06 08:24:39'),
(21, 'KIU850602250002', 8, 85, 1, 1, 'Pcs', 10, 20000, 'Baltiko', '1', 1000, 1000, 1, '2025-02-06', '2025-02-06 08:24:39');

-- --------------------------------------------------------

--
-- Struktur dari tabel `users`
--

CREATE TABLE `users` (
  `id` bigint(20) UNSIGNED NOT NULL,
  `name` varchar(50) COLLATE utf8mb4_unicode_ci DEFAULT NULL,
  `email` varchar(191) COLLATE utf8mb4_unicode_ci NOT NULL,
  `email_verified_at` timestamp NULL DEFAULT NULL,
  `password` varchar(191) COLLATE utf8mb4_unicode_ci NOT NULL,
  `profile_picture` varchar(128) COLLATE utf8mb4_unicode_ci DEFAULT NULL,
  `role` varchar(32) COLLATE utf8mb4_unicode_ci DEFAULT '0' COMMENT '1 = admin, 2 = customer',
  `register_date` datetime DEFAULT NULL,
  `status` int(11) NOT NULL DEFAULT 0
) ENGINE=InnoDB DEFAULT CHARSET=utf8mb4 COLLATE=utf8mb4_unicode_ci;

--
-- Dumping data untuk tabel `users`
--

INSERT INTO `users` (`id`, `name`, `email`, `email_verified_at`, `password`, `profile_picture`, `role`, `register_date`, `status`) VALUES
(1, 'Admin', 'admin@gmail.com', NULL, '$2y$10$Brm3RNWFKvZ1e0ej1vBz9.QbFMW21q0l/iDSt5aDOoGj9zlLFuxh6', 'agung1.png', 'admin', NULL, 1),
(54, 'swahyu', 'swahyu@gmail.com', NULL, '$2y$10$Yl0H.az2oYdN8JsXgUagCeQBqxf1WIUphyd9y8AE/R6HzsNJfPuf2', NULL, 'salesman', '2022-09-22 17:35:28', 1),
(55, 'dwahyu', 'dwahyu@gmail.com', NULL, '$2y$10$64mC/JHkEyBfhymqU4b5b.oJyh3H46Xdsr6gPlKfUWLKs1s1cFU.q', NULL, 'distribusi', '2022-09-22 17:35:57', 1),
(56, NULL, 'cwahyu@gmail.com', NULL, '$2y$10$NW0poORtQS34wLh.I2knS.bbbWzSVlk71BzcCByVEfuTJoiPp5PBa', NULL, 'customer', '2022-09-22 17:37:38', 1),
(57, NULL, 'qwert@gmail.com', NULL, '$2y$10$rd4I82jFfR1aqfLarLysVuORCEFdjBUj47sJkudn6cR54KcCnAg/y', NULL, 'customer', '2022-09-22 19:38:29', 1),
(58, NULL, 'aqrobye@gmail.com', NULL, '$2y$10$7C7q54ZUl241VcEKrkK/HOhkuQt.nWhmKBasc2HIUoyFC0fV5D64G', NULL, 'customer', '2022-09-23 04:27:56', 1),
(59, 'Admin Penjualan', 'penjualan@gmail.com', NULL, '$2y$10$oXf2VHVBbngML9Pl4WevyORyeMQNKzQ.zLBfk/NfzU.mwpSh6MWZ6', NULL, 'salesman', '2022-09-23 04:29:41', 1),
(61, NULL, 'pelanggan@gmail.com', NULL, '$2y$10$o.hUZ.KztVzCfozdyNR1YeVMR7uF3qIJbxU2zka69YAMWnG9JGhJ6', NULL, 'customer', '2022-10-10 12:38:19', 1),
(62, 'Admin Online', 'adminonline@gmail.com', NULL, '$2y$10$Piw9jb8Sd.SVUh2SL4PRJuFD5aJ3bSDOHxy78I/dAPUeJ9GBtR6QW', NULL, 'adminonline', '2022-10-26 20:29:19', 1),
(63, 'Keuangan', 'keuangan@gmail.com', NULL, '$2y$10$YhoKD4bwf8eW9fSKKtmluujAswZtex5M/xS07wIw4W/t2WdglqMtW', NULL, 'keuangan', '2022-10-26 22:19:19', 1),
(64, NULL, 'mope@gmail.com', NULL, '$2y$10$P5pGf88j.SsFbeQ.nQ9ti.JbiPmjJ5AsIkef3AEPp6v5eYGS7eD2C', NULL, 'customer', '2022-11-01 18:02:05', 0),
(65, NULL, 'supri@gmail.com', NULL, '$2y$10$0ymggK6QZQz4x2lmyVDS5.GV7KP00cYltrW5zn4Ov98wUC9mzl6Jm', NULL, 'customer', '2022-11-01 18:06:31', 0),
(66, NULL, 'test@gmail.com', NULL, '$2y$10$yVuLQt7ILIsU.6uxpYH1DecAB/tA5q6DhcOhlHTw4MTvXQCXyucx.', NULL, 'customer', '2022-11-01 19:31:00', 1),
(67, NULL, 'customer@gmail.com', NULL, '$2y$10$6Vwyy0LXRcLxA8UZdeDRMuQiuG3XYOwRnBpshwREc90vkEcMebYTm', NULL, 'customer', '2022-11-01 19:36:22', 0),
(68, NULL, 'gusti.mope819@gmail.com', NULL, '$2y$10$iBC6YDMnusxQSm5RO2MtE.hfibYR3bwpwxhfDbuOxyQ2o7NBW3Nwq', NULL, 'customer', '2022-11-01 19:36:53', 1),
(69, NULL, 'emailnya@gmail.com', NULL, '$2y$10$nG1//i4cJnT9vwVKC94/6OHCypEiBkG6Byg6hoHTnZKUtnfERBcoG', NULL, 'customer', '2022-11-01 19:38:13', 0),
(70, NULL, 'sayuri@gmail.com', NULL, '$2y$10$7PerRcfHb5QJD4xNO9KwqOMC2V2RUp/rytpe3tBgplHbTWZBslYe6', NULL, 'customer', '2022-11-01 19:39:10', 1),
(71, NULL, 'iwan@gmail.com', NULL, '$2y$10$NLey.oZELOsmX.8K5uEBzuydLCMhfmONouP1AvhXuyfOF4bLWZwWe', NULL, 'customer', '2022-11-01 19:39:51', 0),
(72, 'Kadep', 'kadep@gmail.com', NULL, '$2y$10$Brm3RNWFKvZ1e0ej1vBz9.QbFMW21q0l/iDSt5aDOoGj9zlLFuxh6', NULL, 'kadep', '2022-11-02 11:56:19', 1),
(73, 'Kadep 1', 'kadep1@gmail.com', NULL, '$2y$10$8OhbMGn21ZMLHqj1ilLjKeQzMBsvciI7qNXFftJHtf4e8RSwIk99.', NULL, 'kadep', '2022-11-03 09:37:40', 1),
(74, NULL, 'faisal@gmail.com', NULL, '$2y$10$y9dKpR6lsu6FbyX5/sJY9.SB2Al9a7Pi9LpnN5jq18K.uxRskevi.', NULL, 'customer', '2022-11-03 10:02:40', 0),
(75, NULL, 'arif@gmail.com', NULL, '$2y$10$sDRmrH6uGpYWnoh4TYYabe33M11zkAyiPPTdmx0OMM.q81PcZkSSa', NULL, 'customer', '2022-11-09 20:21:01', 1),
(76, NULL, 'rian@gmail.com', NULL, '$2y$10$6nTIg8LQ/fr4zyrz/lA1NOrgXa1jpnZGoVEczfwvpNyfsj3Jg1nqq', NULL, 'customer', '2022-11-10 20:15:52', 1),
(77, 'ALIF', 'alif@gmail.com', NULL, '$2y$10$ADfDKeO8ZrPLWXFFSx3dgevM1woD4Uv9jADCDpwXygW29//jLS1NS', NULL, 'keuangan', '2022-11-10 20:17:18', 1),
(78, NULL, 'akunbaru1@gmail.com', NULL, '$2y$10$mB.ICCiM3nnYAYLuoCxdj.27KJ4ShiEr.qsxmCwdDYr6F5Vj5vH0i', NULL, 'customer', '2022-11-28 10:42:17', 1),
(79, 'Sales Trial', 'sales@gmail.com', NULL, '$2y$10$IRZLM8vlw9yvDnBO8R96We1pswHQCnTRATn/i1yFSBDY7wP82ipVu', NULL, 'salesman', '2022-11-30 13:18:01', 1),
(80, NULL, 'custrial@gmail.com', NULL, '$2y$10$o2rPkdmMxXRzjEmhddDun.zGKicsVNmVEl9cjX3u1kI57B47v8ZBS', NULL, 'customer', '2022-11-30 13:20:23', 1),
(81, NULL, 'customer2@gmail.com', NULL, '$2y$10$xXQXksNLB8SERgEnjDHnQur9gXHaijVS4usUdgKPW2MkNHr4DwxRW', NULL, 'customer', '2022-11-30 13:36:45', 1),
(85, NULL, 'cumum@gmail.com', NULL, '$2y$10$JdC3psY/Y1wrRdRedKykP.Y1FYMYcoQ66ZCOw2fYl8RhI2NTfm2hy', NULL, 'customer', '2024-10-07 21:46:12', 1);

-- --------------------------------------------------------

--
-- Struktur dari tabel `users_bk`
--

CREATE TABLE `users_bk` (
  `id` bigint(20) UNSIGNED NOT NULL,
  `name` varchar(50) COLLATE utf8mb4_unicode_ci DEFAULT NULL,
  `email` varchar(191) COLLATE utf8mb4_unicode_ci NOT NULL,
  `email_verified_at` timestamp NULL DEFAULT NULL,
  `username` varchar(16) COLLATE utf8mb4_unicode_ci NOT NULL,
  `password` varchar(191) COLLATE utf8mb4_unicode_ci NOT NULL,
  `profile_picture` varchar(128) COLLATE utf8mb4_unicode_ci DEFAULT NULL,
  `role` varchar(32) COLLATE utf8mb4_unicode_ci DEFAULT '0' COMMENT '1 = admin, 2 = customer',
  `register_date` datetime DEFAULT NULL
) ENGINE=InnoDB DEFAULT CHARSET=utf8mb4 COLLATE=utf8mb4_unicode_ci;

--
-- Dumping data untuk tabel `users_bk`
--

INSERT INTO `users_bk` (`id`, `name`, `email`, `email_verified_at`, `username`, `password`, `profile_picture`, `role`, `register_date`) VALUES
(1, 'Admiistrator', 'admin@local.test', NULL, 'admin', '$2y$10$Brm3RNWFKvZ1e0ej1vBz9.QbFMW21q0l/iDSt5aDOoGj9zlLFuxh6', 'agung1.png', 'admin', NULL),
(7, 'Customer ', 'customer@local.test', NULL, 'customer', '$2y$10$6C/A5Yy1gt4yhStWDWN1M.isBaznzDc.MZJdIj7UddW3.qIX5vDvK', NULL, 'customer', '2020-03-29 08:14:30'),
(8, NULL, 'martinms.za@gmail.com', NULL, 'test', '$2y$10$gj4QxFnTj0dlpwJvT4aJiOM5UW6uCt7MdafC6VrnqsKDi0/JKmsLS', NULL, 'customer', '2021-05-07 10:25:08'),
(1, 'Admiistrator', 'admin@local.test', NULL, 'admin', '$2y$10$Brm3RNWFKvZ1e0ej1vBz9.QbFMW21q0l/iDSt5aDOoGj9zlLFuxh6', 'agung1.png', 'admin', NULL),
(7, 'Customer ', 'customer@local.test', NULL, 'customer', '$2y$10$6C/A5Yy1gt4yhStWDWN1M.isBaznzDc.MZJdIj7UddW3.qIX5vDvK', NULL, 'customer', '2020-03-29 08:14:30'),
(8, NULL, 'martinms.za@gmail.com', NULL, 'test', '$2y$10$gj4QxFnTj0dlpwJvT4aJiOM5UW6uCt7MdafC6VrnqsKDi0/JKmsLS', NULL, 'customer', '2021-05-07 10:25:08');

-- --------------------------------------------------------

--
-- Struktur untuk view `v_products`
--
DROP TABLE IF EXISTS `v_products`;

CREATE ALGORITHM=UNDEFINED DEFINER=`root`@`localhost` SQL SECURITY DEFINER VIEW `v_products`  AS SELECT `a`.`id` AS `id`, `a`.`category_id` AS `category_id`, `a`.`sku` AS `sku`, `a`.`name` AS `name`, `a`.`description` AS `description`, `a`.`picture_name` AS `picture_name`, `a`.`product_unit_value` AS `product_unit_value`, `a`.`product_unit_1` AS `product_unit_1`, `a`.`product_unit_2` AS `product_unit_2`, `a`.`product_type` AS `product_type`, `a`.`product_unit_weight` AS `product_unit_weight`, if(`b`.`credit` is not null,1,0) AS `promo`, `a`.`price` AS `price`, `a`.`price_2` AS `price_2`, `a`.`price_3` AS `price_3`, if(`b`.`credit` is not null,`a`.`price` - `b`.`credit`,`a`.`price`) AS `promo_price`, if(`b`.`credit` is not null,`a`.`price_2` - `b`.`credit`,`a`.`price_2`) AS `promo_price_2`, if(`b`.`credit` is not null,`a`.`price_3` - `b`.`credit`,`a`.`price_3`) AS `promo_price_3`, if(`b`.`credit` is not null,round(`b`.`credit` / `a`.`price` * 100,0),0) AS `discount`, if(`b`.`credit` is not null,round(`b`.`credit` / `a`.`price_2` * 100,0),0) AS `discount_2`, if(`b`.`credit` is not null,round(`b`.`credit` / `a`.`price_3` * 100,0),0) AS `discount_3`, `a`.`stock` AS `stock`, `a`.`product_unit_1` AS `product_unit`, `a`.`is_available` AS `is_available`, `a`.`add_date` AS `add_date`, CASE WHEN `a`.`price` <> 0 AND `a`.`price_2` = 0 AND `a`.`price_3` = 0 THEN '1' WHEN `a`.`price` = 0 AND `a`.`price_2` <> 0 AND `a`.`price_3` = 0 THEN '2' WHEN `a`.`price` = 0 AND `a`.`price_2` = 0 AND `a`.`price_3` <> 0 THEN '3' WHEN `a`.`price` <> 0 AND `a`.`price_2` <> 0 AND `a`.`price_3` = 0 THEN '1,2' WHEN `a`.`price` <> 0 AND `a`.`price_2` = 0 AND `a`.`price_3` <> 0 THEN '1,3' WHEN `a`.`price` = 0 AND `a`.`price_2` <> 0 AND `a`.`price_3` <> 0 THEN '2,3' WHEN `a`.`price` <> 0 AND `a`.`price_2` <> 0 AND `a`.`price_3` <> 0 THEN '1,2,3' END AS `level_product` FROM (`products` `a` left join `promo` `b` on(`b`.`product_id` = `a`.`id` and cast(`b`.`start_date` as date) <= curdate() and cast(`b`.`expired_date` as date) >= curdate())) ;

-- --------------------------------------------------------

--
-- Struktur untuk view `v_tagihan`
--
DROP TABLE IF EXISTS `v_tagihan`;

CREATE ALGORITHM=UNDEFINED DEFINER=`root`@`localhost` SQL SECURITY DEFINER VIEW `v_tagihan`  AS SELECT `a`.`user_id` AS `user_id`, sum(`a`.`tagihan`) AS `tagihan`, `a`.`max_credit` AS `max_credit` FROM (select `a`.`user_id` AS `user_id`,ifnull(`b`.`total_price`,0) + ifnull(`b`.`shipping_cost`,0) + ifnull(`b`.`insurance`,0) AS `tagihan`,`a`.`max_credit` AS `max_credit` from (`customers` `a` left join `orders` `b` on(`a`.`user_id` = `b`.`user_id` and `b`.`payment_method` = 1 and `b`.`order_status` < 6))) AS `a` GROUP BY `a`.`user_id` ;

--
-- Indexes for dumped tables
--

--
-- Indeks untuk tabel `banner_product`
--
ALTER TABLE `banner_product`
  ADD PRIMARY KEY (`id`);

--
-- Indeks untuk tabel `briva_api`
--
ALTER TABLE `briva_api`
  ADD PRIMARY KEY (`id`);

--
-- Indeks untuk tabel `ci_sessions`
--
ALTER TABLE `ci_sessions`
  ADD KEY `ci_sessions_timestamp` (`timestamp`);

--
-- Indeks untuk tabel `contacts`
--
ALTER TABLE `contacts`
  ADD PRIMARY KEY (`id`),
  ADD KEY `FK_contacts_contacts` (`parent_id`);

--
-- Indeks untuk tabel `coupons`
--
ALTER TABLE `coupons`
  ADD PRIMARY KEY (`id`);

--
-- Indeks untuk tabel `customers`
--
ALTER TABLE `customers`
  ADD PRIMARY KEY (`id`),
  ADD KEY `FK_customers_users` (`user_id`);

--
-- Indeks untuk tabel `generate_kdchart`
--
ALTER TABLE `generate_kdchart`
  ADD PRIMARY KEY (`id`),
  ADD KEY `fk_chartkd` (`kdchart`);

--
-- Indeks untuk tabel `message`
--
ALTER TABLE `message`
  ADD PRIMARY KEY (`id`),
  ADD KEY `FK_contacts_contacts` (`salesman_id`);

--
-- Indeks untuk tabel `orders`
--
ALTER TABLE `orders`
  ADD PRIMARY KEY (`id`),
  ADD KEY `FK_orders_users` (`user_id`),
  ADD KEY `FK_orders_coupons` (`coupon_id`);

--
-- Indeks untuk tabel `order_items`
--
ALTER TABLE `order_items`
  ADD PRIMARY KEY (`id`),
  ADD KEY `order_id` (`order_id`),
  ADD KEY `product_id` (`product_id`);

--
-- Indeks untuk tabel `payments`
--
ALTER TABLE `payments`
  ADD PRIMARY KEY (`id`),
  ADD KEY `order_id` (`order_id`);

--
-- Indeks untuk tabel `piutang`
--
ALTER TABLE `piutang`
  ADD PRIMARY KEY (`id`);

--
-- Indeks untuk tabel `products`
--
ALTER TABLE `products`
  ADD PRIMARY KEY (`id`),
  ADD KEY `FK_products_product_category` (`category_id`);

--
-- Indeks untuk tabel `product_category`
--
ALTER TABLE `product_category`
  ADD PRIMARY KEY (`id`);

--
-- Indeks untuk tabel `promo`
--
ALTER TABLE `promo`
  ADD PRIMARY KEY (`id`);

--
-- Indeks untuk tabel `reviews`
--
ALTER TABLE `reviews`
  ADD PRIMARY KEY (`id`),
  ADD KEY `FK_reviews_users` (`user_id`),
  ADD KEY `FK_reviews_orders` (`order_id`);

--
-- Indeks untuk tabel `settings`
--
ALTER TABLE `settings`
  ADD PRIMARY KEY (`id`) USING BTREE;

--
-- Indeks untuk tabel `tbtestongkir`
--
ALTER TABLE `tbtestongkir`
  ADD PRIMARY KEY (`id`);

--
-- Indeks untuk tabel `tmp_cart`
--
ALTER TABLE `tmp_cart`
  ADD PRIMARY KEY (`id`);

--
-- Indeks untuk tabel `users`
--
ALTER TABLE `users`
  ADD PRIMARY KEY (`id`) USING BTREE,
  ADD UNIQUE KEY `users_email_unique` (`email`) USING BTREE;

--
-- AUTO_INCREMENT untuk tabel yang dibuang
--

--
-- AUTO_INCREMENT untuk tabel `banner_product`
--
ALTER TABLE `banner_product`
  MODIFY `id` int(11) NOT NULL AUTO_INCREMENT, AUTO_INCREMENT=5;

--
-- AUTO_INCREMENT untuk tabel `briva_api`
--
ALTER TABLE `briva_api`
  MODIFY `id` int(11) NOT NULL AUTO_INCREMENT, AUTO_INCREMENT=10;

--
-- AUTO_INCREMENT untuk tabel `contacts`
--
ALTER TABLE `contacts`
  MODIFY `id` int(10) NOT NULL AUTO_INCREMENT, AUTO_INCREMENT=2;

--
-- AUTO_INCREMENT untuk tabel `coupons`
--
ALTER TABLE `coupons`
  MODIFY `id` bigint(20) NOT NULL AUTO_INCREMENT, AUTO_INCREMENT=11;

--
-- AUTO_INCREMENT untuk tabel `customers`
--
ALTER TABLE `customers`
  MODIFY `id` bigint(20) NOT NULL AUTO_INCREMENT, AUTO_INCREMENT=17;

--
-- AUTO_INCREMENT untuk tabel `generate_kdchart`
--
ALTER TABLE `generate_kdchart`
  MODIFY `id` int(11) NOT NULL AUTO_INCREMENT, AUTO_INCREMENT=2;

--
-- AUTO_INCREMENT untuk tabel `message`
--
ALTER TABLE `message`
  MODIFY `id` int(10) NOT NULL AUTO_INCREMENT, AUTO_INCREMENT=2;

--
-- AUTO_INCREMENT untuk tabel `orders`
--
ALTER TABLE `orders`
  MODIFY `id` bigint(20) NOT NULL AUTO_INCREMENT, AUTO_INCREMENT=2;

--
-- AUTO_INCREMENT untuk tabel `order_items`
--
ALTER TABLE `order_items`
  MODIFY `id` bigint(20) NOT NULL AUTO_INCREMENT, AUTO_INCREMENT=3;

--
-- AUTO_INCREMENT untuk tabel `payments`
--
ALTER TABLE `payments`
  MODIFY `id` bigint(20) NOT NULL AUTO_INCREMENT;

--
-- AUTO_INCREMENT untuk tabel `piutang`
--
ALTER TABLE `piutang`
  MODIFY `id` int(11) NOT NULL AUTO_INCREMENT;

--
-- AUTO_INCREMENT untuk tabel `products`
--
ALTER TABLE `products`
  MODIFY `id` bigint(20) NOT NULL AUTO_INCREMENT, AUTO_INCREMENT=21;

--
-- AUTO_INCREMENT untuk tabel `product_category`
--
ALTER TABLE `product_category`
  MODIFY `id` int(10) NOT NULL AUTO_INCREMENT, AUTO_INCREMENT=16;

--
-- AUTO_INCREMENT untuk tabel `promo`
--
ALTER TABLE `promo`
  MODIFY `id` bigint(20) NOT NULL AUTO_INCREMENT, AUTO_INCREMENT=6;

--
-- AUTO_INCREMENT untuk tabel `reviews`
--
ALTER TABLE `reviews`
  MODIFY `id` bigint(20) NOT NULL AUTO_INCREMENT, AUTO_INCREMENT=4;

--
-- AUTO_INCREMENT untuk tabel `settings`
--
ALTER TABLE `settings`
  MODIFY `id` int(10) NOT NULL AUTO_INCREMENT, AUTO_INCREMENT=13;

--
-- AUTO_INCREMENT untuk tabel `tbtestongkir`
--
ALTER TABLE `tbtestongkir`
  MODIFY `id` int(11) NOT NULL AUTO_INCREMENT, AUTO_INCREMENT=3;

--
-- AUTO_INCREMENT untuk tabel `tmp_cart`
--
ALTER TABLE `tmp_cart`
  MODIFY `id` int(11) NOT NULL AUTO_INCREMENT, AUTO_INCREMENT=22;

--
-- AUTO_INCREMENT untuk tabel `users`
--
ALTER TABLE `users`
  MODIFY `id` bigint(20) UNSIGNED NOT NULL AUTO_INCREMENT, AUTO_INCREMENT=86;

--
-- Ketidakleluasaan untuk tabel pelimpahan (Dumped Tables)
--

--
-- Ketidakleluasaan untuk tabel `contacts`
--
ALTER TABLE `contacts`
  ADD CONSTRAINT `FK_contacts_contacts` FOREIGN KEY (`parent_id`) REFERENCES `contacts` (`id`) ON DELETE CASCADE ON UPDATE NO ACTION;

--
-- Ketidakleluasaan untuk tabel `customers`
--
ALTER TABLE `customers`
  ADD CONSTRAINT `FK_customers_users` FOREIGN KEY (`user_id`) REFERENCES `users` (`id`) ON DELETE NO ACTION ON UPDATE CASCADE;

--
-- Ketidakleluasaan untuk tabel `orders`
--
ALTER TABLE `orders`
  ADD CONSTRAINT `FK_orders_coupons` FOREIGN KEY (`coupon_id`) REFERENCES `coupons` (`id`) ON DELETE SET NULL ON UPDATE CASCADE,
  ADD CONSTRAINT `FK_orders_users` FOREIGN KEY (`user_id`) REFERENCES `users` (`id`) ON DELETE NO ACTION ON UPDATE CASCADE;

--
-- Ketidakleluasaan untuk tabel `order_items`
--
ALTER TABLE `order_items`
  ADD CONSTRAINT `order_items_ibfk_1` FOREIGN KEY (`order_id`) REFERENCES `orders` (`id`) ON DELETE CASCADE ON UPDATE NO ACTION,
  ADD CONSTRAINT `order_items_ibfk_2` FOREIGN KEY (`product_id`) REFERENCES `products` (`id`) ON DELETE CASCADE ON UPDATE NO ACTION;
COMMIT;

/*!40101 SET CHARACTER_SET_CLIENT=@OLD_CHARACTER_SET_CLIENT */;
/*!40101 SET CHARACTER_SET_RESULTS=@OLD_CHARACTER_SET_RESULTS */;
/*!40101 SET COLLATION_CONNECTION=@OLD_COLLATION_CONNECTION */;
